instance_id,hash,declared_clauses,kept_clauses,variables,variables_dropped,nodes,edges,sampled,build_seconds
SAT-Comp-2016-CNF/app16/10pipe_k.cnf.gz,128fdc03329b57efb97c3cdf6ed7e35d,3601247,200000,55782,11518,311564,590840,1,6.668
SAT-Comp-2016-CNF/app16/14pipe_q0_k.cnf.gz,54abc3873dfe2570d3f5b7d3b712fa85,7702617,200000,99888,122957,399776,590741,1,14.053
SAT-Comp-2016-CNF/app16/9dlx_vliw_at_b_iq4.used-as.sat04-345.cnf.gz,c7482439e933a16905316c248dc42324,1598301,200000,84983,21030,369966,579675,1,3.355
SAT-Comp-2016-CNF/app16/9dlx_vliw_at_b_iq8.used-as.sat04-718.cnf.gz,be6bce96bab9cec47b58b6c68c9a1c89,7170909,200000,162069,209350,524138,579220,1,13.022
SAT-Comp-2016-CNF/app16/9dlx_vliw_at_b_iq9.used-as.sat04-719.cnf.gz,f993de9058705dfd766cf1950430f45c,9676386,200000,177246,304847,554492,586511,1,17.53
SAT-Comp-2016-CNF/app16/ACG-20-10p0.cnf.gz,2cdd8d0f948351223500e20c9e631ffd,1603007,200000,247792,126436,695584,469409,1,3.03
SAT-Comp-2016-CNF/app16/ACG-20-5p1.cnf.gz,a01b5dedcb293b7a39ba103b2263b023,1416850,200000,233653,97543,667306,470198,1,2.799
SAT-Comp-2016-CNF/app16/AProVE07-25.cnf.gz,a3d5d022398a6aab97ea26d5429ccb0c,31884,31884,8920,0,49724,83706,0,0.117
SAT-Comp-2016-CNF/app16/AProVE11-06.cnf.gz,f74dd5b556c38fe5cfebc12c89bc2dab,1039056,200000,241479,60597,682958,525353,1,2.548
SAT-Comp-2016-CNF/app16/C168_FW_UT_518.cnf.gz,bf37ac6f7ef02a90df19a316688f4889,7511,7511,1804,105,11119,29193,0,0.028
SAT-Comp-2016-CNF/app16/E00N23.cnf.gz,7fa13f05ddb59096ff2b4cf19624d05e,2210893,200000,6546,8818,213092,1842714,1,6.916
SAT-Comp-2016-CNF/app16/E02F22.cnf.gz,3288819e2dffdab0b865035378499897,1301188,200000,8261,5313,216522,1760457,1,4.072
SAT-Comp-2016-CNF/app16/Sz1024_34824.smt2-stp212.cnf.gz,870ebd2501c12dd597ca5fda0d9c1a90,62036,62036,14653,1,91342,192213,0,0.235
SAT-Comp-2016-CNF/app16/Sz512_15127_1.smt2-stp212.cnf.gz,c2b697d4ac7801f4b010615923732468,22013,22013,5214,1,32441,68086,0,0.09
SAT-Comp-2016-CNF/app16/Sz512_15127_3.smt2-cvc4.cnf.gz,536f3a4dbb98b717f4c58b6e0162882e,15466,15466,5042,0,25550,39616,0,0.054
SAT-Comp-2016-CNF/app16/Sz512_15127_4.smt2-cvc4.cnf.gz,b52aa29d244bf58f84e742a20dd8bf69,33874,33874,10429,0,54732,88915,0,0.252
SAT-Comp-2016-CNF/app16/Sz512_15127_5.smt2-stp212.cnf.gz,95abe7ffd65b2c04a579438c391ee346,21941,21941,5194,1,32329,67926,0,0.085
SAT-Comp-2016-CNF/app16/Sz512_15127_6.smt2-stp212.cnf.gz,ca4b2e306cc33b518dde145745db32d5,17501,17501,4145,1,25791,54148,0,0.067
SAT-Comp-2016-CNF/app16/Sz512_15128_0.smt2-stp212.cnf.gz,529bb3dc6340f2fc0ea617190acc4c31,21941,21941,5202,1,32345,67881,0,0.084
SAT-Comp-2016-CNF/app16/Sz512_15128_1.smt2-cvc4.cnf.gz,6e1d5ef3f8512c8260967d6f8add78ce,33986,33986,10478,0,54942,89155,0,0.122
SAT-Comp-2016-CNF/app16/UCG-20-5p1.cnf.gz,1eaa50c1a65464ef6a3f65f46f6d1a44,1204430,200000,174380,50606,548760,483132,1,2.451
SAT-Comp-2016-CNF/app16/UR-15-10p0.cnf.gz,24075575c3dbd9e9eae948dd2241b029,1005792,200000,164407,34883,528814,475962,1,2.044
SAT-Comp-2016-CNF/app16/UTI-20-10p1.cnf.gz,b6d7213b879df4d18f966babd59c876c,1391257,200000,190279,70063,580558,482415,1,2.735
SAT-Comp-2016-CNF/app16/UTI-20-5p1.cnf.gz,a054dfb1a14d242d4d3e10b2abccdd6e,1207249,200000,175066,50860,550132,482891,1,2.385
SAT-Comp-2016-CNF/app16/abb313GPIA-9-c.used-as.sat04-317.cnf.gz,fb96fbd3e6881c759ba119746351c8e1,484871,200000,6225,3,212450,1588262,1,2.507
SAT-Comp-2016-CNF/app16/ablmulub16x4o.cnf.gz,567964f034c8ffa65952897ce4927c6c,8709,8709,2958,0,14625,20319,0,0.032
SAT-Comp-2016-CNF/app16/ablmulub2x32o.cnf.gz,9e1d9fd2570d90cdd85e8f369295196e,15432,15432,5241,0,25914,36006,0,0.051
SAT-Comp-2016-CNF/app16/ablmulub8x16o.cnf.gz,ffab5112bbf8e8831bc954e9211a6b27,20754,20754,6985,0,34724,48424,0,0.068
SAT-Comp-2016-CNF/app16/add_01_1000_4.smt2-cvc4.cnf.gz,0e187bcfd6e67f3045edc17b9d9bd0e2,92246,92246,19886,0,132018,259056,0,0.335
SAT-Comp-2016-CNF/app16/aes_32_3_keyfind_2.cnf.gz,bd72d53f4762c19efa5213d063372c93,2664,2664,708,0,4080,8392,0,0.011
SAT-Comp-2016-CNF/app16/aes_32_5_keyfind_1.cnf.gz,aeb079663070f1cdef43c8dde2e7b709,4312,4312,1116,0,6544,13688,0,0.017
SAT-Comp-2016-CNF/app16/aes_64_2_keyfind_1.cnf.gz,13002f51482d0b78e9f98fae1672d99a,5176,5176,1000,0,7176,20024,0,0.022
SAT-Comp-2016-CNF/app16/aes_64_3_keyfind_1.cnf.gz,4dff41154a3401cfd40da8caeab83d56,7572,7572,1404,0,10380,29588,0,0.032
SAT-Comp-2016-CNF/app16/ak016modbtsimpbisc.cnf.gz,cc5c7c695cbb6f78c1af80b3e5471db3,17157,17157,5179,0,27515,44885,0,0.06
SAT-Comp-2016-CNF/app16/ak032diagodiagoisc.cnf.gz,fc2b1549abd6cf48f3fd17c14163637c,51330,51330,15873,0,83076,130306,0,0.176
SAT-Comp-2016-CNF/app16/ak032modbtmodbtisc.cnf.gz,314b63e5b44a2c441e10d197f797e18b,57834,57834,17313,0,92460,151714,0,0.202
SAT-Comp-2016-CNF/app16/ak032modbtsimpbisc.cnf.gz,2248eb27346a57992746a10b75dda990,67165,67165,20107,0,107379,176013,0,0.237
SAT-Comp-2016-CNF/app16/ak064boothboothisc.cnf.gz,28d8ae0ddd6c699eb5e42cd65f8df446,354378,200000,106636,871,413272,516011,1,1.092
SAT-Comp-2016-CNF/app16/ak064diagodiagoisc.cnf.gz,48b7bbf2520ca7652296cc19959ed529,209154,200000,64513,0,329026,507714,1,0.734
SAT-Comp-2016-CNF/app16/ak064modasbg2asisc.cnf.gz,dc98cb692e3203258be6d4d31f566388,234053,200000,72833,2,345666,503402,1,0.803
SAT-Comp-2016-CNF/app16/ak064modbtmodbtisc.cnf.gz,ec6ceeb1325ed0c99db7f1447dc68b66,226378,200000,67424,1,334848,525197,1,0.804
SAT-Comp-2016-CNF/app16/ak064paralbg2btaig.cnf.gz,440726d9140cd2414b7d42b3f3dbb97a,407751,200000,132862,3436,465724,466605,1,1.09
SAT-Comp-2016-CNF/app16/ak064paralparalisc.cnf.gz,b0bcf2b116a4c68ddd1467dd30c8a98f,215940,200000,66757,0,333514,507830,1,0.916
SAT-Comp-2016-CNF/app16/ak064simpbbg2btaig.cnf.gz,2599aea8d99ad36471ee4dcc649993ac,406368,200000,132457,3380,464914,466802,1,1.126
SAT-Comp-2016-CNF/app16/ak128astepbg2msaig.cnf.gz,6e858531064077cc8a0dfde91f272dff,1265652,200000,270652,151997,741304,466572,1,2.708
SAT-Comp-2016-CNF/app16/ak128boothbg2btisc.cnf.gz,9e8eea6f4f57f24e4d3ad039b2bd2ef0,1414104,200000,275945,152336,751890,516289,1,3.003
SAT-Comp-2016-CNF/app16/ak128boothboothisc.cnf.gz,714421c7bac197d52b4049df3ceb880a,1413322,200000,276161,151858,752322,515830,1,2.951
SAT-Comp-2016-CNF/app16/ak128diagobg2asaig.cnf.gz,73136fc8525998860da8e165ff184c74,1117434,200000,260042,113199,720084,466755,1,2.324
SAT-Comp-2016-CNF/app16/ak128modasbg2asisc.cnf.gz,47710c9d33ea0a698b8d981387804190,943237,200000,229582,63541,659164,503324,1,2.067
SAT-Comp-2016-CNF/app16/ak128modbtbg2msisc.cnf.gz,9d20bb1bd01838d70177ffd3aa284aeb,968713,200000,230197,65854,660394,511644,1,2.121
SAT-Comp-2016-CNF/app16/ak128paralbg2msisc.cnf.gz,9acdb91461d9d627d7ef5e1b08a46477,951066,200000,231205,64521,662410,503709,1,2.068
SAT-Comp-2016-CNF/app16/ak128paralparalisc.cnf.gz,872eecaa7109fe1e31a510c903e9f877,859948,200000,221123,44180,642246,507865,1,2.014
SAT-Comp-2016-CNF/app16/ak128simpbbg2msisc.cnf.gz,54d199fbc4c450948c3544dda7fb42c5,1128812,200000,249392,94669,698784,512749,1,2.441
SAT-Comp-2016-CNF/app16/am_7_7.shuffled-as.sat03-363.cnf.gz,ba5399e632d509cd7f635e108c6c054b,14751,14751,4264,0,23279,40035,0,0.062
SAT-Comp-2016-CNF/app16/arcfour_initialPermutation_5_32.cnf.gz,5a4c127f7f570f44b4c7a5cc0dcba0e9,87670,87670,23148,1,133966,251448,0,0.332
SAT-Comp-2016-CNF/app16/arcfour_initialPermutation_6_14.cnf.gz,021331d523ad3092616ff99cf0c6c355,405350,200000,104773,970,409546,580299,1,1.191
SAT-Comp-2016-CNF/app16/barman-pfile06-022.sas.ex.7.cnf.gz,aacfb8797097f698d14337d3a04f3065,284930,200000,103688,23504,407376,8498531,1,8.471
SAT-Comp-2016-CNF/app16/barman-pfile07-027.sas.cr.37.cnf.gz,08469bbccc41da0c124d69c61ce7dc58,4937390,200000,65825,53305,331650,409001,1,8.548
SAT-Comp-2016-CNF/app16/barman-pfile08-030.sas.cr.27.cnf.gz,55d6ee7178934d1940318ef5c2011107,5487618,200000,58437,48999,316874,408595,1,9.456
SAT-Comp-2016-CNF/app16/barman-pfile09-036.sas.cr.33.cnf.gz,4a423d08d748970f1d6b965a8f4c7a61,8513036,200000,71166,74932,342332,406389,1,14.294
SAT-Comp-2016-CNF/app16/barman-pfile10-038.sas.cr.25.cnf.gz,06166a0dd78f45c213add974a6711dfe,7373206,200000,60567,58695,321134,405642,1,12.79
SAT-Comp-2016-CNF/app16/barman-pfile10-040.sas.cr.17.cnf.gz,70dc3f80b9e937dd5db516b19615b6ec,5104398,200000,46128,36438,292256,407568,1,8.792
SAT-Comp-2016-CNF/app16/barman-pfile10-040.sas.cr.21.cnf.gz,38aa1b58565a7b48d7a71cc926a947b0,6238802,200000,53317,47597,306634,407115,1,10.899
SAT-Comp-2016-CNF/app16/countbitsarray04_32.cnf.gz,67d564fff5bc9f27c0800783a1bc85b7,25865,25865,8750,0,43365,60349,0,0.087
SAT-Comp-2016-CNF/app16/countbitssrl128.cnf.gz,b86fb8a1c823be5dc73b89d3b20dfda8,904892,200000,236633,65126,673266,466726,1,2.024
SAT-Comp-2016-CNF/app16/ctl_3791_556_unsat.cnf.gz,2202872ca3566b20d48fdfe34d526219,111990,111990,16541,0,145072,398379,0,0.442
SAT-Comp-2016-CNF/app16/ctl_4291_567_8_unsat.cnf.gz,ef7c4d1f09b699b8ab468c939e8fdb78,147312,147312,17850,0,183012,494730,0,0.569
SAT-Comp-2016-CNF/app16/cube-11-h13-unsat.cnf.gz,a14c75743148ed4b79747a65736b4c91,1367522,200000,260794,194833,721588,466735,1,2.877
SAT-Comp-2016-CNF/app16/custmulsb2x32o.cnf.gz,1e43089090db421e981fe62b3f3dbce7,13677,13677,4660,0,22997,31911,0,0.047
SAT-Comp-2016-CNF/app16/custmulun16x16o.cnf.gz,61687dad894a32d4b5fbd00023cf694a,10626,10626,3633,0,17892,24792,0,0.037
SAT-Comp-2016-CNF/app16/dated-10-19-u.cnf.gz,c596ce4ec92abfaa76f535251ebee0a6,1169243,200000,196305,50197,592610,463425,1,2.432
SAT-Comp-2016-CNF/app16/div2.c.20.smt2-stp212.cnf.gz,e2a4efb9bfa8fd8af53fc9952d62e0fe,668917,200000,135767,4381,471534,624572,1,1.73
SAT-Comp-2016-CNF/app16/e2_1.c.smt2-stp212.cnf.gz,e413c9b2f778c586990a054dff100d89,98163,98163,24292,1,146747,291106,0,0.493
SAT-Comp-2016-CNF/app16/e2_2.c.smt2-cvc4.cnf.gz,47c04ee3a0d07cbbc272f4af73c9ef3c,39060,39060,8443,0,55946,109429,0,0.141
SAT-Comp-2016-CNF/app16/e2a_2.c.smt2-cvc4.cnf.gz,f81c3aeaf852faf68af51f9c2820184d,34725,34725,7114,0,48953,98058,0,0.126
SAT-Comp-2016-CNF/app16/eq.atree.braun.11.unsat.cnf.gz,65c52c85128e3e78431984e5cd96e315,4732,4732,1400,0,7532,12300,0,0.017
SAT-Comp-2016-CNF/app16/eq.atree.braun.12.unsat.cnf.gz,bc895df6a129123e196ab5912ea44d02,5726,5726,1694,0,9114,14874,0,0.02
SAT-Comp-2016-CNF/app16/eq.atree.braun.13.unsat.cnf.gz,c11048ce0934980ee0ee8a3584010b96,6802,6802,2010,0,10822,17668,0,0.024
SAT-Comp-2016-CNF/app16/f1000.cnf.gz,9a0e6e700381903bfa995f6a55665f46,4250,4250,1000,0,6250,12750,0,0.103
SAT-Comp-2016-CNF/app16/f600.cnf.gz,29b9cdc4be195bf5259da98aee484b85,2550,2550,600,0,3750,7650,0,0.012
SAT-Comp-2016-CNF/app16/gaussian.c.75.smt2-cvc4.cnf.gz,4b537d3c18082eb884bf9429b8146214,8561035,200000,413912,1573246,1027824,548645,1,16.386
SAT-Comp-2016-CNF/app16/gss-20-s100.cnf.gz,140f56ae75d27f8f64392ddbea8fdf20,94748,94748,31503,0,157754,223300,0,0.324
SAT-Comp-2016-CNF/app16/gss-24-s100.cnf.gz,1e3a230c767270048f4ec3f31b1b2ada,95735,95735,31821,0,159377,225739,0,0.331
SAT-Comp-2016-CNF/app16/gss-26-s100.cnf.gz,4a6455401efd03c7b6df67be7cccf13f,96138,96138,31942,0,160022,226784,0,0.341
SAT-Comp-2016-CNF/app16/gss-27-s100.cnf.gz,d88baaa735c644728b0d0cb3f015708b,96161,96161,31951,0,160063,226837,0,0.54
SAT-Comp-2016-CNF/app16/gss-28-s100.cnf.gz,5c8d404d474d05337e12679fee628554,96786,96786,32151,0,161088,228372,0,0.353
SAT-Comp-2016-CNF/app16/gss-29-s100.cnf.gz,61a952d4189798d3cf369adc843350d5,96996,96996,32219,0,161434,228898,0,0.34
SAT-Comp-2016-CNF/app16/gus-md5-10.cnf.gz,a6108ce30f9288e9d0c22bb072a1f6d4,226618,200000,69501,2,339002,518377,1,0.91
SAT-Comp-2016-CNF/app16/gus-md5-12.cnf.gz,425c28cab2c9945f9d2058b47ef1ed1d,226752,200000,69553,0,339106,518367,1,0.798
SAT-Comp-2016-CNF/app16/hitag2-8-60-0-0xb2021557d918860-94.cnf.gz,2c4e0ec3514d121eb77e995aa7c061ff,30117,30117,2265,8,34647,177057,0,0.146
SAT-Comp-2016-CNF/app16/homer17.cnf.gz,d7db30eb1d198b7db9e2ea27501d893f,1742,1742,286,0,2314,3718,0,0.007
SAT-Comp-2016-CNF/app16/ibm-2002-23r-k90.cnf.gz,e5e81b88152c18f060d4d4617750ea23,928885,200000,174919,47372,549838,503648,1,2.165
SAT-Comp-2016-CNF/app16/k_unsat.cnf.gz,c160729bf1b59e914ede97a3ece56e2d,95854,95854,7021,0,109896,343047,0,0.368
SAT-Comp-2016-CNF/app16/korf-18.cnf.gz,40632052dd4bb97cf52e120c81f08e69,186934,186934,7794,0,202522,1289969,0,1.288
SAT-Comp-2016-CNF/app16/li-exam-61.shuffled-as.sat03-366.cnf.gz,3437aa8423c4c0059146bcd8bef67520,108436,108436,28147,0,164730,373110,0,0.619
SAT-Comp-2016-CNF/app16/maxor128.cnf.gz,d7b38c8ead74ae705aa60b8771debda1,598619,200000,179527,20781,559054,467045,1,1.471
SAT-Comp-2016-CNF/app16/maxxororand032.cnf.gz,8ef915fff70e4a4bbc9e4b2f75ff0ad9,70703,70703,23696,0,118095,164971,0,0.241
SAT-Comp-2016-CNF/app16/minxorminand128.cnf.gz,655681362024c10869610709e1a22246,459965,200000,145361,8473,490722,466680,1,1.174
SAT-Comp-2016-CNF/app16/mix034_rmo.opt_false-unreach-call.i-cbmc-u2.cnf.gz,5b23055a341e73ef74fe2b8a15e96497,378906,200000,75012,2322,350024,706672,1,1.236
SAT-Comp-2016-CNF/app16/mizh-md5-47-3.cnf.gz,d8e9d33780aa854af40e47c5bb86b2f6,273522,200000,65540,64,331080,595811,1,0.962
SAT-Comp-2016-CNF/app16/modgen-n200-m90860q08c40-1006.cnf.gz,8cf952836f79c77178375f0abda2790d,9086,9086,2200,0,13486,27258,0,0.041
SAT-Comp-2016-CNF/app16/modgen-n200-m90860q08c40-11953.cnf.gz,6d12f7972e402769c45d151387122959,9086,9086,2200,0,13486,27258,0,0.039
SAT-Comp-2016-CNF/app16/modgen-n200-m90860q08c40-12992.cnf.gz,4a208e84509d3715094eed49ff3b5ec3,9086,9086,2200,0,13486,27258,0,0.04
SAT-Comp-2016-CNF/app16/modgen-n200-m90860q08c40-13698.cnf.gz,c3619e08b72747fb0086b197e4a27b8b,9086,9086,2200,0,13486,27258,0,0.039
SAT-Comp-2016-CNF/app16/modgen-n200-m90860q08c40-13845.cnf.gz,169b832e8ad5102801bc5390663b0a81,9086,9086,2200,0,13486,27258,0,0.04
SAT-Comp-2016-CNF/app16/modgen-n200-m90860q08c40-1434.cnf.gz,e0865e41d14d6f6e2f54581f1e931950,9086,9086,2200,0,13486,27258,0,0.038
SAT-Comp-2016-CNF/app16/modgen-n200-m90860q08c40-14424.cnf.gz,09f3078602566bbeb02821503e5d2554,9086,9086,2200,0,13486,27258,0,0.038
SAT-Comp-2016-CNF/app16/modgen-n200-m90860q08c40-14808.cnf.gz,f62f5ce0ab2763b4ca2da5de8c0a552c,9086,9086,2200,0,13486,27258,0,0.038
SAT-Comp-2016-CNF/app16/modgen-n200-m90860q08c40-15163.cnf.gz,8682ee8df9efc9913a04040511196352,9086,9086,2200,0,13486,27258,0,0.042
SAT-Comp-2016-CNF/app16/modgen-n200-m90860q08c40-15606.cnf.gz,e05565e0ae13a4a49feec0ca8c7acdb7,9086,9086,2200,0,13486,27258,0,0.038
SAT-Comp-2016-CNF/app16/modgen-n200-m90860q08c40-1585.cnf.gz,11ef5907b3eae3c89e10c65ea370c1f1,9086,9086,2200,0,13486,27258,0,0.039
SAT-Comp-2016-CNF/app16/modgen-n200-m90860q08c40-16597.cnf.gz,0c60cae1d0bd8a26f87a3aab7077e0d8,9086,9086,2200,0,13486,27258,0,0.039
SAT-Comp-2016-CNF/app16/modgen-n200-m90860q08c40-1876.cnf.gz,9c85afa2b91dcacb9f423db437f34507,9086,9086,2200,0,13486,27258,0,0.039
SAT-Comp-2016-CNF/app16/modgen-n200-m90860q08c40-18788.cnf.gz,0e9f0315dd6f93a2613812dfbfcfffa9,9086,9086,2200,0,13486,27258,0,0.04
SAT-Comp-2016-CNF/app16/modgen-n200-m90860q08c40-18972.cnf.gz,a66fe20eef25b41691bcba3b8d559c83,9086,9086,2200,0,13486,27258,0,0.039
SAT-Comp-2016-CNF/app16/modgen-n200-m90860q08c40-19419.cnf.gz,542bc521dfc843751118a12bd7f7b5f6,9086,9086,2200,0,13486,27258,0,0.039
SAT-Comp-2016-CNF/app16/modgen-n200-m90860q08c40-2087.cnf.gz,bd4b2ff95379844ec733cf0cad39d56c,9086,9086,2200,0,13486,27258,0,0.038
SAT-Comp-2016-CNF/app16/modgen-n200-m90860q08c40-21438.cnf.gz,09ed4d881b6dd70d30f59217573369f1,9086,9086,2200,0,13486,27258,0,0.039
SAT-Comp-2016-CNF/app16/modgen-n200-m90860q08c40-22556.cnf.gz,6cc3bed2a2b38c8c057a5980224f8f1e,9086,9086,2200,0,13486,27258,0,0.04
SAT-Comp-2016-CNF/app16/modgen-n200-m90860q08c40-25297.cnf.gz,377278200c88d5aef1b647bda899ec2e,9086,9086,2200,0,13486,27258,0,0.038
SAT-Comp-2016-CNF/app16/modgen-n200-m90860q08c40-28046.cnf.gz,e175112cb4648cda6c16d67822d794ce,9086,9086,2200,0,13486,27258,0,0.04
SAT-Comp-2016-CNF/app16/modgen-n200-m90860q08c40-29020.cnf.gz,ef7bdabd6f4d23c23b0ad87d82c501e5,9086,9086,2200,0,13486,27258,0,0.041
SAT-Comp-2016-CNF/app16/modgen-n200-m90860q08c40-3230.cnf.gz,71ffea57fecb071b6c4dbf220eacc056,9086,9086,2200,0,13486,27258,0,0.042
SAT-Comp-2016-CNF/app16/modgen-n200-m90860q08c40-3866.cnf.gz,94648507b3650a0b1c7549597c2e8509,9086,9086,2200,0,13486,27258,0,0.041
SAT-Comp-2016-CNF/app16/modgen-n200-m90860q08c40-4208.cnf.gz,67b0b2940b091d318ec25307a948f862,9086,9086,2200,0,13486,27258,0,0.041
SAT-Comp-2016-CNF/app16/modgen-n200-m90860q08c40-5377.cnf.gz,c50e0cba8e14add52ca738afc1201c20,9086,9086,2200,0,13486,27258,0,0.04
SAT-Comp-2016-CNF/app16/modgen-n200-m90860q08c40-6295.cnf.gz,2c17a6de2848b26d45e8a66f5feaa894,9086,9086,2200,0,13486,27258,0,0.039
SAT-Comp-2016-CNF/app16/modgen-n200-m90860q08c40-6336.cnf.gz,f4b71ea8807414ae20be45f23aacfdec,9086,9086,2200,0,13486,27258,0,0.039
SAT-Comp-2016-CNF/app16/modgen-n200-m90860q08c40-6967.cnf.gz,4572f8d9b7f4f152b5d4147ec3f40303,9086,9086,2200,0,13486,27258,0,0.039
SAT-Comp-2016-CNF/app16/modgen-n200-m90860q08c40-9056.cnf.gz,8ce5c7def256797660d94fe1326a2cf8,9086,9086,2200,0,13486,27258,0,0.038
SAT-Comp-2016-CNF/app16/mul_03_3000_1.smt2-cvc4.cnf.gz,89d1a19b5a8f40eb71dcadae8b0dfd20,128378,128378,30320,0,189018,351804,0,0.478
SAT-Comp-2016-CNF/app16/mulhs016.cnf.gz,84611c5ceece78f517c71ff6b90bcf92,13871,13871,4656,0,23183,32363,0,0.049
SAT-Comp-2016-CNF/app16/mulhs032.cnf.gz,85ba4d1a72145ca1885e905a9797ce28,56183,56183,18792,0,93767,131091,0,0.188
SAT-Comp-2016-CNF/app16/mulhs064.cnf.gz,b45c330de5e628bc623a52c4c6555445,226055,200000,75480,0,350960,466600,1,0.756
SAT-Comp-2016-CNF/app16/ndhf_xits_09_UNSAT.cnf.gz,c8cff3ad0f176e153b5073725fed1bd1,167931,167931,1910,0,171751,500698,0,0.571
SAT-Comp-2016-CNF/app16/ndhf_xits_17_UNKNOWN.cnf.gz,6578d613600021077a1a0be4272f031c,395999,200000,3547,35,207094,597564,1,1.098
SAT-Comp-2016-CNF/app16/newton.2.2.i.smt2-cvc4.cnf.gz,f2fdf6d0a00880ef0816fe1607f98b1f,843395,200000,171790,24361,543580,552518,1,2.097
SAT-Comp-2016-CNF/app16/newton.2.3.i.smt2-cvc4.cnf.gz,7b54419c9a90f3bec4adb173ef9a09c1,1309727,200000,223581,79156,647162,552918,1,2.877
SAT-Comp-2016-CNF/app16/newton.2.3.i.smt2-stp212.cnf.gz,11cda83ca0d5328422f779158aa5f795,643691,200000,149950,5649,499900,595458,1,1.679
SAT-Comp-2016-CNF/app16/newton.3.3.i.smt2-stp212.cnf.gz,ca3748ee29d2d7d1e5d655f92a16543d,643681,200000,149844,5756,499688,595549,1,1.632
SAT-Comp-2016-CNF/app16/newton.4.3.i.smt2-stp212.cnf.gz,2dfce8dfd050eefb91c57a8f2270cff9,643691,200000,149943,5657,499886,595480,1,1.71
SAT-Comp-2016-CNF/app16/newton.5.1.i.smt2-cvc4.cnf.gz,92b98ab8055b143e0283a215a70cf001,404967,200000,94284,1041,388568,550369,1,1.139
SAT-Comp-2016-CNF/app16/openstacks-sequencedstrips-nonadl-nonnegated-os-sequencedstrips-p30_1.035-NOTKNOWN.cnf.gz,f1d1a4fee20e2907c33465a88d1e24f2,667976,200000,117244,16322,434488,476290,1,1.479
SAT-Comp-2016-CNF/app16/openstacks-sequencedstrips-nonadl-nonnegated-os-sequencedstrips-p30_3.045-NOTKNOWN.cnf.gz,445c4da95ba97d07846283633be5384a,870241,200000,139558,32118,479116,475023,1,1.794
SAT-Comp-2016-CNF/app16/par32-1-c.cnf.gz,db3c29134393f75225e3e050a95c1f7c,5254,5254,1315,0,7884,15390,0,0.02
SAT-Comp-2016-CNF/app16/par32-3-c.cnf.gz,8c032168a40f34768e9d90afa586d847,5294,5294,1325,0,7944,15510,0,0.02
SAT-Comp-2016-CNF/app16/partial-10-13-u.cnf.gz,5e847be6e071e1df01cc91562fc74198,1059777,200000,192932,41132,585864,456730,1,2.158
SAT-Comp-2016-CNF/app16/partial-10-15-s.cnf.gz,e0b81bc4bfef4266743cb001f20a97cb,1211106,200000,205188,55832,610376,459659,1,2.504
SAT-Comp-2016-CNF/app16/partial-10-19-s.cnf.gz,65e2151bf1be22c75b9ea2e1b2a07741,1585788,200000,232233,98563,664466,464856,1,3.118
SAT-Comp-2016-CNF/app16/partial-10-19-u.cnf.gz,c62b0222dbe1002ec12967ea52b3f840,1570953,200000,232793,97579,665586,463446,1,3.061
SAT-Comp-2016-CNF/app16/partial-5-11-u.cnf.gz,7cee390ca19b34d0ec9ebde5c318662d,730719,200000,149838,14320,499676,454057,1,1.624
SAT-Comp-2016-CNF/app16/partial-5-15-u.cnf.gz,88f29b33264da2ded0620c610a28045d,1002997,200000,183265,34665,566530,459167,1,2.136
SAT-Comp-2016-CNF/app16/partial-5-17-u.cnf.gz,8ef37f0c6f566559f5716b94a2dd4817,1178557,200000,200400,51604,600800,460984,1,2.429
SAT-Comp-2016-CNF/app16/partial-5-19-u.cnf.gz,c4f96d30a82abc06ba5fd0da11edfc63,1247451,200000,204403,57965,608806,463638,1,2.527
SAT-Comp-2016-CNF/app16/pb_400_02_lb_15.cnf.gz,728e6c35cb5a5a5f4efeeb1364f19d42,1134514,200000,201360,46058,602720,474566,1,2.291
SAT-Comp-2016-CNF/app16/podwr001_power.opt_false-unreach-call.i-cbmc-u2.cnf.gz,ac596f81595e878e67172a3d10641802,526258,200000,99080,6304,398160,706437,1,1.492
SAT-Comp-2016-CNF/app16/q_query_3_L200_coli.sat.cnf.gz,cb8f9ffb66d9b5ef663e6759be0b5e4e,3513333,200000,231670,439197,663340,584393,1,6.94
SAT-Comp-2016-CNF/app16/rbcl_xits_09_UNKNOWN.cnf.gz,ddd91958c7f99833af9d42cf39317cdf,79453,79453,1430,0,82313,236162,0,0.289
SAT-Comp-2016-CNF/app16/rbcl_xits_11_UNKNOWN.cnf.gz,55a2173bd9467852042baf7649fadbe8,104640,104640,1740,0,108120,311346,0,0.376
SAT-Comp-2016-CNF/app16/rpoc_xits_09_UNSAT.cnf.gz,123c397f55eeae78c45e8d973b8e9dce,87044,87044,1430,0,89904,258924,0,0.307
SAT-Comp-2016-CNF/app16/rpoc_xits_10_UNKNOWN.cnf.gz,338bbefd31a527548666d5cee1aadaeb,100116,100116,1584,0,103284,297952,0,0.352
SAT-Comp-2016-CNF/app16/rpoc_xits_11_UNKNOWN.cnf.gz,3ee586232653bdd2d2f5a9e63785f6af,114011,114011,1740,0,117491,339448,0,0.387
SAT-Comp-2016-CNF/app16/rpoc_xits_14_UNKNOWN.cnf.gz,e0a64b4a694da865dcb931d36effcc96,160694,160694,2220,0,165134,478924,0,0.584
SAT-Comp-2016-CNF/app16/safe-30-h29-unsat.cnf.gz,a14fd0ae188f38797410eb5abfdbcca5,437794,200000,123343,7585,446686,484291,1,1.196
SAT-Comp-2016-CNF/app16/safe009_pso.oepc_true-unreach-call.i-cbmc-u2.cnf.gz,04d2cca932a87b98ebfc7bbd0fe6ed5d,232559,200000,42751,2071,285502,733481,1,0.963
SAT-Comp-2016-CNF/app16/safe027_pso.opt_true-unreach-call.i-cbmc-u2.cnf.gz,4adf361ed46d2be3a0a325600977ca7b,396752,200000,70467,3580,340934,745758,1,1.336
SAT-Comp-2016-CNF/app16/safe028_tso.oepc_true-unreach-call.i-cbmc-u2.cnf.gz,de561e8d3e39325d78911f2402774c85,263629,200000,47844,2111,295688,751934,1,0.997
SAT-Comp-2016-CNF/app16/safe029_power.opt_false-unreach-call.i-cbmc-u2.cnf.gz,1aa1fac1ce123fd825c7846e075c03a1,310200,200000,63288,1915,326576,684516,1,1.051
SAT-Comp-2016-CNF/app16/sat_prob_143.cnf.gz,b67539fcf963803446a5193ee8480616,23258,23258,6807,4,36872,64202,0,0.088
SAT-Comp-2016-CNF/app16/sat_prob_23.cnf.gz,b96ecf188a906a8b4dd92c3930e28977,362236,200000,95223,745,390446,569295,1,1.145
SAT-Comp-2016-CNF/app16/sat_prob_3.cnf.gz,72b98682d24c8c75951745688d2f60ff,16324,16324,4463,35,25250,45197,0,0.06
SAT-Comp-2016-CNF/app16/sat_prob_63.cnf.gz,0da849f5097d0c475845da04445a2182,25702,25702,6829,1,39360,72865,0,0.097
SAT-Comp-2016-CNF/app16/sat_prob_83.cnf.gz,8db70165266190f3b072fdbb7e9b53e3,9242,9242,2671,1,14584,27229,0,0.035
SAT-Comp-2016-CNF/app16/schup-l2s-bc56s-1-k391.cnf.gz,9e4ca1fd351c9bcdd837bd19f96a25bf,1778987,200000,296596,264775,793192,514280,1,3.672
SAT-Comp-2016-CNF/app16/servers_slapd_a_vc149923.cnf.gz,ca23101b1c4e30381664f77afeeda208,322046,200000,104369,2487,408738,510580,1,1.002
SAT-Comp-2016-CNF/app16/sin2.c.2.smt2-cvc4.cnf.gz,9b027d83d8ec708803f319535aedbf3d,789256,200000,172648,23764,545296,542487,1,1.867
SAT-Comp-2016-CNF/app16/sin2.c.20.smt2-cvc4.cnf.gz,f359f5ebf2c84dabf8da4bb3a5ef4518,7954731,200000,385816,1577147,971632,544336,1,15.695
SAT-Comp-2016-CNF/app16/slp-synthesis-aes-top21.cnf.gz,c1a0eb1c3c4030371ec74026f1476a49,162526,162526,51138,0,264802,397144,0,0.582
SAT-Comp-2016-CNF/app16/slp-synthesis-aes-top23.cnf.gz,f1c43a68a5006b586f5c23477d983b07,193450,193450,60823,0,315096,472824,0,0.693
SAT-Comp-2016-CNF/app16/slp-synthesis-aes-top26.cnf.gz,d8c6caa9a5ecf5ba05e3d4de66ae7972,245006,200000,76932,11,353864,489462,1,0.905
SAT-Comp-2016-CNF/app16/smtlib-qfbv-aigs-VS3-benchmark-S2-tseitin.cnf.gz,19821901aff6ef7b8b739c32eebe20de,769313,200000,218384,38646,636768,466709,1,1.751
SAT-Comp-2016-CNF/app16/smulo128.cnf.gz,faf4561dc9f61c71b926d7d0aec7fb4a,564650,200000,176323,12150,552646,466768,1,1.397
SAT-Comp-2016-CNF/app16/snw_13_8_CCSEncnopre.cnf.gz,95e4483696d150f4e07c2a2b37e8f015,346073,200000,21109,0,242218,644735,1,1.111
SAT-Comp-2016-CNF/app16/snw_13_8_CCSpreOptEncpre.cnf.gz,495d20a2d153456779ef89a0225353ff,882214,200000,47361,176,294722,636433,1,2.184
SAT-Comp-2016-CNF/app16/snw_13_8_CCSpreOptnopre.cnf.gz,1d49cc104b84dae244a7b535ff59d7aa,825570,200000,27573,32,255146,628309,1,1.963
SAT-Comp-2016-CNF/app16/snw_13_8_CCSpreOptpre.cnf.gz,1221395292eae12cbc0acd35aaa5c0f7,359380,200000,12521,0,225042,600274,1,1.135
SAT-Comp-2016-CNF/app16/snw_13_8_pre.cnf.gz,66ab346df72c5effa292342037bc3909,689272,200000,20446,0,240892,613573,1,1.693
SAT-Comp-2016-CNF/app16/snw_13_9_CCSpre.cnf.gz,d9767a6ac2e1bfa8d3b28ec4bcf02d38,620744,200000,19612,0,239224,616548,1,1.649
SAT-Comp-2016-CNF/app16/snw_13_9_pre.cnf.gz,000a41cdca43be89ed62ea3abf2d0b64,830517,200000,24517,0,249034,619705,1,1.963
SAT-Comp-2016-CNF/app16/snw_13_9_preOptEncpre.cnf.gz,96924854d1a391b6d4ec53364e871fd6,296202,200000,19144,0,238288,643249,1,1.036
SAT-Comp-2016-CNF/app16/snw_13_9_preOpt_pre.cnf.gz,6ee7df6102477fe00c6ba07a3e88ce2f,596820,200000,18769,0,237538,609848,1,1.552
SAT-Comp-2016-CNF/app16/snw_16_8_nopre.cnf.gz,a12a2ac9052f565b775d3e835140b631,4673415,200000,101373,1763,402746,627297,1,8.872
SAT-Comp-2016-CNF/app16/snw_16_8_pre.cnf.gz,28a7e18b03cb9768ef0852da95ef1082,3192315,200000,75623,383,351246,614479,1,5.976
SAT-Comp-2016-CNF/app16/snw_16_8_preOpt_pre.cnf.gz,d421913def55cb5f7302ffe9918cc153,2435854,200000,60632,114,321264,607357,1,4.974
SAT-Comp-2016-CNF/app16/snw_16_9_CCSpre.cnf.gz,626c368587dd880086afc7b3fa1e6f27,2799064,200000,70216,683,340432,616649,1,5.539
SAT-Comp-2016-CNF/app16/snw_16_9_CCSpreOptpre.cnf.gz,8915616ada833b0678dc057796f68486,2182265,200000,58051,372,316102,611117,1,4.591
SAT-Comp-2016-CNF/app16/snw_16_9_Encpre.cnf.gz,67133027ab55906e3b757148ca7011dd,1641152,200000,71408,919,342816,647539,1,3.593
SAT-Comp-2016-CNF/app16/snw_16_9_pre.cnf.gz,7fc40a10dd29389fe0a2b86fc13c1759,3847333,200000,90183,997,380366,620745,1,7.624
SAT-Comp-2016-CNF/app16/snw_16_9_preOptEncpre.cnf.gz,f9b8494562801565042e7c1cb164d94f,1489147,200000,72159,618,344318,651359,1,3.257
SAT-Comp-2016-CNF/app16/snw_16_9_preOpt_pre.cnf.gz,c15b09b9a7ceff4d4c8fe705958f92ba,2934162,200000,72576,292,345152,613787,1,5.874
SAT-Comp-2016-CNF/app16/snw_17_9_CCSpreOptEncpre.cnf.gz,bfc825d1eb0670fd90805c546fea5c6b,2541120,200000,127834,6976,455668,646231,1,5.266
SAT-Comp-2016-CNF/app16/sokoban-p01.sas.ex.17.cnf.gz,62eb05654856d8f40da66687f5c2f82d,1228428,200000,237205,326807,674410,788020,1,2.739
SAT-Comp-2016-CNF/app16/sokoban-p04.sas.ex.13.cnf.gz,84732661a082f6f9739927fbf8d23e86,843550,200000,216910,171506,633820,792610,1,2.026
SAT-Comp-2016-CNF/app16/sokoban-p09.sas.cr.25.cnf.gz,6bc6405bb23095b38f30e67318f717e6,780498,200000,54324,16032,308648,409308,1,1.634
SAT-Comp-2016-CNF/app16/sokoban-p10.sas.cr.35.cnf.gz,8f4f90694a129ca85d025c3d96d74b70,377824,200000,54795,1509,309590,434644,1,1.037
SAT-Comp-2016-CNF/app16/sokoban-p16.sas.cr.37.cnf.gz,dc9ca6718358e922e95385a2e1112d59,1596309,200000,122857,51943,445714,433042,1,2.968
SAT-Comp-2016-CNF/app16/sokoban-p16.sas.cr.39.cnf.gz,1c5402f2cdb730ec6545392312d582b2,1680333,200000,127205,56795,454410,433755,1,3.102
SAT-Comp-2016-CNF/app16/sokoban-p17.sas.ex.11.cnf.gz,94ad97f750345300b7baf257cf91fc4c,1332310,200000,241094,373066,682188,769048,1,2.994
SAT-Comp-2016-CNF/app16/sokoban-p18.sas.cr.29.cnf.gz,d57782168dd3b2a89a41180801d55d2d,287028,200000,45071,289,290142,437568,1,0.84
SAT-Comp-2016-CNF/app16/sokoban-p19.sas.cr.23.cnf.gz,4ac2811b369622170cb9b3a930b4854a,207470,200000,33312,0,266624,439473,1,0.762
SAT-Comp-2016-CNF/app16/sokoban-p20.sas.cr.21.cnf.gz,1a3320d3cf32f211b3e7b875745713e2,921218,200000,87578,17846,375156,435459,1,1.927
SAT-Comp-2016-CNF/app16/sokoban-p20.sas.cr.23.cnf.gz,ddc7bef18e9a81b227a8e8d903d49455,1004978,200000,93181,21827,386362,438592,1,2.192
SAT-Comp-2016-CNF/app16/sokoban-p20.sas.cr.25.cnf.gz,8bf63d50ebdb645b75a24370b8f94d31,1088738,200000,98923,25669,397846,438059,1,2.139
SAT-Comp-2016-CNF/app16/sokoban-p20.sas.cr.27.cnf.gz,068c64314f0f8405bc28bb4c52647145,1172498,200000,104422,29754,408844,435947,1,2.332
SAT-Comp-2016-CNF/app16/sokoban-p20.sas.cr.29.cnf.gz,574cbc90335786670058de4c8a717b87,1256258,200000,109435,34325,418870,435685,1,2.418
SAT-Comp-2016-CNF/app16/sokoban-p20.sas.cr.31.cnf.gz,659de4a475806fe6de0f52f466986ced,1340018,200000,114634,38710,429268,436485,1,2.571
SAT-Comp-2016-CNF/app16/sokoban-p20.sas.cr.33.cnf.gz,0ac5ff376b826f68d384ba05a1d00de0,1423778,200000,119378,43550,438756,437458,1,2.701
SAT-Comp-2016-CNF/app16/sokoban-p20.sas.cr.35.cnf.gz,be71a352c19b33a23b36e6265f24be57,1507538,200000,124322,48190,448644,436668,1,2.841
SAT-Comp-2016-CNF/app16/sokoban-p20.sas.cr.37.cnf.gz,3c1b4c4580c8be0d76570d34801cb9b1,1591298,200000,128980,53116,457960,437726,1,3.168
SAT-Comp-2016-CNF/app16/sokoban-p20.sas.cr.39.cnf.gz,0acbeae513e3d822dbf5e5fc72a03455,1675058,200000,133400,58280,466800,436656,1,3.206
SAT-Comp-2016-CNF/app16/sokoban-p20.sas.ex.11.cnf.gz,96e38559d1e0f6d330dd3a976c7b1ab6,3897343,200000,287593,1535639,775186,1402988,1,10.295
SAT-Comp-2016-CNF/app16/sokoban-p20.sas.ex.13.cnf.gz,a7dc4646f1472f466a2c33340eb24bd5,4548319,200000,293555,1833549,787110,1358772,1,11.048
SAT-Comp-2016-CNF/app16/sokoban-sequential-p145-microban-sequential.050-NOTKNOWN.cnf.gz,228ef00b38f04099bececbae99a1bd50,1767096,200000,98183,11501,396366,455797,1,3.638
SAT-Comp-2016-CNF/app16/sokoban-sequential-p145-microban-sequential.070-NOTKNOWN.cnf.gz,28792301119a25fb8edec6cde91eee21,2473656,200000,125979,27305,451958,457672,1,5.18
SAT-Comp-2016-CNF/app16/sortnet-7-ipc5-h15-unsat.cnf.gz,1257f3a4242cc2439eeea548b387c9f5,374254,200000,103498,3203,406996,487340,1,1.057
SAT-Comp-2016-CNF/app16/sortnet-8-ipc5-h18-unsat.cnf.gz,c3bf4f4f50426b38a736ed5364a8786e,1187589,200000,210438,129741,620876,486704,1,2.513
SAT-Comp-2016-CNF/app16/square.2.0.i.smt2-cvc4.cnf.gz,1a6a635f5b959e191ec705b2f236568a,183641,183641,42387,0,268415,504030,0,0.685
SAT-Comp-2016-CNF/app16/test_v3_r3_vr10_c1_s24300.smt2-stp212.cnf.gz,2db411a0737a4a9eba4d9b68541e0ce7,121141,121141,30996,1,183133,362295,0,0.476
SAT-Comp-2016-CNF/app16/test_v3_r8_vr5_c1_s8257.smt2-stp212.cnf.gz,90cbe250dd98bda0afbd022a7c848398,356710,200000,89133,220,378266,599475,1,1.271
SAT-Comp-2016-CNF/app16/test_v5_r5_vr1_c1_s15604.smt2-stp212.cnf.gz,79630911f8f7388a9c2f574b5fb35b9c,381662,200000,94955,365,389910,599752,1,1.175
SAT-Comp-2016-CNF/app16/test_v7_r12_vr10_c1_s18160.smt2-cvc4.cnf.gz,278262ca3ecb108c9c17bf6b6b99c217,1831331,200000,267005,144764,734010,556783,1,3.872
SAT-Comp-2016-CNF/app16/test_v7_r12_vr10_c1_s18160.smt2-stp212.cnf.gz,65f7145996bbec02b90bd0fa64a20502,1258524,200000,250980,63315,701960,601120,1,2.861
SAT-Comp-2016-CNF/app16/test_v7_r12_vr1_c1_s22787.smt2-cvc4.cnf.gz,6f6f7fe094a4c5f053473c53c22bb2b7,1824967,200000,266818,143052,733636,558405,1,3.914
SAT-Comp-2016-CNF/app16/test_v7_r17_vr10_c1_s3680.smt2-stp212.cnf.gz,595b5843c8c12b6a84a67aeab93ea8e8,1769294,200000,301034,140678,802068,600851,1,3.903
SAT-Comp-2016-CNF/app16/test_v7_r17_vr1_c1_s30331.smt2-stp212.cnf.gz,5ae0187ac5442a7054a08b71b53ef8ac,1756231,200000,300369,138567,800738,600895,1,4.018
SAT-Comp-2016-CNF/app16/test_v7_r17_vr5_c1_s25451.smt2-cvc4.cnf.gz,096e485489025895cdc59887baafa08b,2509155,200000,305911,254437,811822,558826,1,5.449
SAT-Comp-2016-CNF/app16/test_v7_r17_vr5_c1_s2807.smt2-stp212.cnf.gz,81e3136a3eee419eb490444b727c3131,1744119,200000,299529,136379,799058,600447,1,3.988
SAT-Comp-2016-CNF/app16/test_v7_r7_vr10_c1_s32506.smt2-cvc4.cnf.gz,09dcc6149a23787a3aa96af8825bda60,1076123,200000,199216,43078,598432,558326,1,2.435
SAT-Comp-2016-CNF/app16/total-10-13-u.cnf.gz,1005eec69abcc300e1c0d22bd08ad143,1021181,200000,188481,37727,576962,456377,1,2.205
SAT-Comp-2016-CNF/app16/total-10-19-u.cnf.gz,364d504da0dcfab32515a1c4d546b2c7,1571183,200000,232881,98321,665762,463286,1,3.066
SAT-Comp-2016-CNF/app16/total-5-17-u.cnf.gz,d7250f69bc0db9bd46a3252e8f0e9eaa,1236517,200000,206315,58749,612630,461090,1,2.515
SAT-Comp-2016-CNF/app16/traffic_3_uc_sat.cnf.gz,5972bba2a3455b564c949869ed8e1027,1312352,200000,131773,10432,463546,693870,1,3.103
SAT-Comp-2016-CNF/app16/transport-transport-city-sequential-35nodes-1000size-4degree-100mindistance-4trucks-14packages-2008seed.020-NOTKNOWN.cnf.gz,891ab1b3d09c52b0813d14fab7b94d39,3386280,200000,249846,380660,699692,474221,1,6.105
SAT-Comp-2016-CNF/app16/transport-transport-city-sequential-35nodes-1000size-4degree-100mindistance-4trucks-14packages-2008seed.050-SAT.cnf.gz,4b1777da9c1a70b4b9c1b472cbeb952a,8464620,200000,309548,1265658,819096,475867,1,14.934
SAT-Comp-2016-CNF/app16/transport-transport-three-cities-sequential-14nodes-1000size-4degree-100mindistance-4trucks-14packages-2008seed.040-NOTKNOWN.cnf.gz,d7cc58d281360374ad50ac5fce039e7c,8233086,200000,303884,1208948,807768,474601,1,14.448
SAT-Comp-2016-CNF/app16/transport-transport-two-cities-sequential-15nodes-1000size-3degree-100mindistance-3trucks-10packages-2008seed.020-NOTKNOWN.cnf.gz,86b50dbc0e6d25e78792b1ec7d8910a1,1570705,200000,184399,106256,568798,475506,1,3.0
SAT-Comp-2016-CNF/app16/transport-transport-two-cities-sequential-15nodes-1000size-3degree-100mindistance-3trucks-10packages-2008seed.040-SAT.cnf.gz,38bccb6b86edd3134c26f4fe3c2b04c2,3140965,200000,242647,338228,685294,472849,1,5.747
SAT-Comp-2016-CNF/app16/uum16.smt2-cvc4.cnf.gz,4efe61249ce9cd61cdd3ffc13ea20db2,15083,15083,4904,0,24891,42842,0,0.056
SAT-Comp-2016-CNF/app16/uum8.smt2-stp212.cnf.gz,3ba34c4ba9ce3e33349beb0f8ba7df5c,3359,3359,1005,1,5369,10836,0,0.014
SAT-Comp-2016-CNF/app16/velev-pipe-oun-1.1-05.cnf.gz,f34ea9f8a83771938e7abf2eb9daf6d9,7676928,200000,108016,128234,416032,590467,1,13.713
SAT-Comp-2016-CNF/app16/velev-vliw-uns-2.0-uq5.cnf.gz,68d249445a5c6460ef099733af007068,2465731,200000,106474,45195,412948,576334,1,4.742
SAT-Race-2015-CNF/002-80-12.cnf.gz,0b60f19be0b62cf337d7240821869488,478488,200000,13402,6,226804,1311363,1,1.943
SAT-Race-2015-CNF/002-80-4.cnf.gz,144ff2831056bafda1124d98fceec5c7,478480,200000,13403,5,226806,1311886,1,1.86
SAT-Race-2015-CNF/002-80-8.cnf.gz,8b92a8acec361510c6ea1d7d5a6de1ea,478484,200000,13406,2,226812,1312129,1,2.128
SAT-Race-2015-CNF/003-80-8.cnf.gz,d21f6bda91f8675407d55c9f1bee7ece,478484,200000,13406,2,226812,1312129,1,1.792
SAT-Race-2015-CNF/004-80-8.cnf.gz,4397cf03b3285e780558eb1cece52d88,478484,200000,13406,2,226812,1312129,1,1.868
SAT-Race-2015-CNF/005-80-12.cnf.gz,810ce4a78bc01ddc5a043d95f9584f2f,478488,200000,13402,6,226804,1311363,1,1.791
SAT-Race-2015-CNF/007-80-12.cnf.gz,d014a36a5ec13ebb0b2de1a373d539e0,478488,200000,13402,6,226804,1311363,1,1.726
SAT-Race-2015-CNF/007-80-8.cnf.gz,530c85a5e64ccb38f44a4ff73c46b07e,478484,200000,13406,2,226812,1312129,1,1.743
SAT-Race-2015-CNF/008-80-12.cnf.gz,fdfd862e436bad8217d2d7c5625d1d16,478488,200000,13402,6,226804,1311363,1,1.739
SAT-Race-2015-CNF/008-80-4.cnf.gz,ad25f24b0133f22a246477636555fc9a,478480,200000,13403,5,226806,1311886,1,1.752
SAT-Race-2015-CNF/008-80-8.cnf.gz,0d209cb420326994f9c4898eb10228ab,478484,200000,13406,2,226812,1312129,1,1.798
SAT-Race-2015-CNF/009-23-64.cnf.gz,8cc0e34662c05d948ccd14c0cc189c6c,132576,132576,4288,0,141152,873631,0,0.691
SAT-Race-2015-CNF/009-80-4.cnf.gz,eeea0401240b3b5511fd4db5f6e05153,478480,200000,13403,5,226806,1311886,1,1.964
SAT-Race-2015-CNF/009-80-8.cnf.gz,d0c14f10c8b46bd94bd849c661c0a3e5,478484,200000,13406,2,226812,1312129,1,1.769
SAT-Race-2015-CNF/010-22-144.cnf.gz,ff1b04a6d70f778bbd95802ff059b692,126564,126564,4128,0,134820,833818,0,0.639
SAT-Race-2015-CNF/010-23-80.cnf.gz,9d58803352a8d9d7e9400412e0c6b8d3,132592,132592,4288,0,141168,873647,0,0.663
SAT-Race-2015-CNF/010-80-12.cnf.gz,cebdc7ab51a7d9454c11d9bd43136c05,478488,200000,13402,6,226804,1311363,1,2.265
SAT-Race-2015-CNF/10pipe_q0_k.cnf.gz,01dd5feb463fa80f73809718f6ff735b,2082017,200000,55839,21800,311678,593920,1,3.995
SAT-Race-2015-CNF/13pipe_q0_k.cnf.gz,c8a46d737c221d3907747b204029e0c3,5761591,200000,88122,87944,376244,595039,1,10.439
SAT-Race-2015-CNF/38bits_10.dimacs.cnf.gz,3db38a90085107e738587a90c790384e,12700,12700,448,0,13596,91605,0,0.089
SAT-Race-2015-CNF/40bits_10.dimacs.cnf.gz,462b3a8b23baa97668ddb920a749a06e,12980,12980,446,0,13872,93921,0,0.091
SAT-Race-2015-CNF/42bits_12.dimacs.cnf.gz,39c5aab73853d2534bf846dc63d872ed,14509,14509,538,0,15585,103032,0,0.099
SAT-Race-2015-CNF/44bits_11.dimacs.cnf.gz,f1b5200d9e006c83bdda240eb72faede,15417,15417,609,0,16635,107945,0,0.103
SAT-Race-2015-CNF/46bits_11.dimacs.cnf.gz,3728fe50d8038c639c2d9c84e04fe2b1,16922,16922,689,0,18300,117505,0,0.112
SAT-Race-2015-CNF/46bits_12.dimacs.cnf.gz,f250d74d1ad5d38873204be3ae122766,17080,17080,697,0,18474,118444,0,0.113
SAT-Race-2015-CNF/46bits_14.dimacs.cnf.gz,a91f77ab3ae83aaf20879453f00aff82,16938,16938,690,0,18318,117693,0,0.112
SAT-Race-2015-CNF/48bits_11.dimacs.cnf.gz,81786d9fbc1d82950215fb4399c3fa8d,18258,18258,687,0,19632,129737,0,0.127
SAT-Race-2015-CNF/48bits_12.dimacs.cnf.gz,bacb55fe2aa11f3355c3b162f0867928,18047,18047,685,0,19417,127849,0,0.121
SAT-Race-2015-CNF/48bits_13.dimacs.cnf.gz,772df42aad13b37340a40bffd859f0a5,18146,18146,688,0,19522,128669,0,0.129
SAT-Race-2015-CNF/48bits_14.dimacs.cnf.gz,656822ff35dc3ffae052fa512260dd44,18150,18150,688,0,19526,128731,0,0.122
SAT-Race-2015-CNF/50bits_10.dimacs.cnf.gz,7bdc3b411293bb3f7de0484cf88c82f4,19430,19430,842,0,21114,132686,0,0.125
SAT-Race-2015-CNF/50bits_11.dimacs.cnf.gz,4501f9a0e9fab5d5cff7133022b1f780,19244,19244,836,0,20916,131349,0,0.123
SAT-Race-2015-CNF/50bits_13.dimacs.cnf.gz,19dc8e4bf621cbc8a762c35525f883d6,19228,19228,837,0,20902,130773,0,0.127
SAT-Race-2015-CNF/50bits_14.dimacs.cnf.gz,83e46af71fc28dd5eb40651630c2a6b5,19141,19141,834,0,20809,130203,0,0.132
SAT-Race-2015-CNF/52bits_12.dimacs.cnf.gz,0b4421f6aac81e2dbc87c5b5ddae6511,19257,19257,905,0,21067,127350,0,0.122
SAT-Race-2015-CNF/54bits_13.dimacs.cnf.gz,d6d4e4a171bc0c90d2a5c8bb8d43466d,21377,21377,1008,0,23393,141094,0,0.297
SAT-Race-2015-CNF/58bits_10.dimacs.cnf.gz,39bf81d0cc1a93d9a650d0e490f760e6,24009,24009,1103,0,26215,159368,0,0.156
SAT-Race-2015-CNF/58bits_11.dimacs.cnf.gz,24d16b0798f2f4cabb6d4661d847c2eb,24120,24120,1111,0,26342,159869,0,0.156
SAT-Race-2015-CNF/58bits_13.dimacs.cnf.gz,1334869a4de372d47c958611390a93a5,23771,23771,1097,0,25965,157525,0,0.157
SAT-Race-2015-CNF/62bits_10.dimacs.cnf.gz,5f22ee6e66471e13d7604f620934fd64,28773,28773,1160,0,31093,198885,0,0.187
SAT-Race-2015-CNF/62bits_11.dimacs.cnf.gz,0a910e1ca5b222324dc3ac8f03d6414d,28910,28910,1162,0,31234,200038,0,0.193
SAT-Race-2015-CNF/62bits_14.dimacs.cnf.gz,22f72da90dd7db6243c938dd5f5c6cbe,28980,28980,1164,0,31308,200462,0,0.193
SAT-Race-2015-CNF/64bits_11.dimacs.cnf.gz,11cc29a1a68a2c47dcf1dce5bf214af2,29431,29431,1150,0,31731,204580,0,0.192
SAT-Race-2015-CNF/64bits_13.dimacs.cnf.gz,b517f331c730ace7fb2778d42ae86f06,29555,29555,1152,0,31859,205813,0,0.196
SAT-Race-2015-CNF/6s11-opt.cnf.gz,1b6ad52b2db90aa6123a64b4f6a5e201,97312,97312,33276,3,163864,227060,0,0.326
SAT-Race-2015-CNF/6s13-opt.cnf.gz,2079b4f15cf2d4a2e6b5ebfa58de5a27,153557,153557,52426,10,258409,358297,0,0.515
SAT-Race-2015-CNF/6s130-opt.cnf.gz,d7dbb2cba940af33b2bce37ea99b8110,144361,144361,49327,43,243015,336841,0,0.481
SAT-Race-2015-CNF/6s131-opt.cnf.gz,4d992ccaed48ca615a3db0437ee3c875,144226,144226,49282,43,242790,336526,0,0.491
SAT-Race-2015-CNF/6s133.cnf.gz,f0954079e3028cd6c8d049ad146d5df5,140968,140968,48215,43,237398,328924,0,0.491
SAT-Race-2015-CNF/6s151.cnf.gz,ead9f0f95528875bbdbe323625cdf8b9,107188,107188,35883,0,178954,250104,0,0.367
SAT-Race-2015-CNF/6s16-opt.cnf.gz,667d54d108eee380b0ffbf4c121249e9,89899,89899,30820,3,151539,209763,0,0.317
SAT-Race-2015-CNF/6s16.cnf.gz,00063d88244921d6ec46aeab6866a8e2,91888,91888,31483,3,154854,214404,0,0.318
SAT-Race-2015-CNF/6s165-nonopt.cnf.gz,8e16c5b74da465cf228e19c07dc0000a,9586,9586,3295,0,16176,22366,0,0.032
SAT-Race-2015-CNF/6s167-opt.cnf.gz,ddc0720fa5a91d9cc0dc726644ab9e9f,13523,13523,4637,3,22797,31551,0,0.044
SAT-Race-2015-CNF/6s168-opt.cnf.gz,9ce54aec1ffdf56e1edc0d8b5718db08,16519,16519,5638,0,27795,38543,0,0.054
SAT-Race-2015-CNF/6s169-opt.cnf.gz,971fc4f6752f08fff682dc393a94f52e,17575,17575,6044,17,29663,41007,0,0.058
SAT-Race-2015-CNF/6s17-opt.cnf.gz,c4715f8496b35af81ab494aae3cc9458,139163,139163,47646,11,234455,324711,0,0.471
SAT-Race-2015-CNF/6s9.cnf.gz,76b123949b3de136ea1a69824671cb96,100384,100384,34317,3,169018,234228,0,0.354
SAT-Race-2015-CNF/7pipe_k.cnf.gz,eca4d284c68f149d8125c6ea257ffe04,751116,200000,23430,479,246860,589384,1,1.77
SAT-Race-2015-CNF/ACG-15-10p0.cnf.gz,db6c1678a8a5e9d2f647e9d73ec73125,1131732,200000,204317,57936,608634,467152,1,2.316
SAT-Race-2015-CNF/ACG-20-10p1.cnf.gz,1f81f7e009f501014cb23a8c2d41836f,1632906,200000,250206,131502,700412,469779,1,3.155
SAT-Race-2015-CNF/ACG-20-5p0.cnf.gz,9eac581d9c5da21697ed9df49bd4d71b,1390931,200000,231174,93542,662348,469927,1,2.703
SAT-Race-2015-CNF/AProVE07-03.cnf.gz,2ce5d7c2f71f8d1cd6471932b1cb854e,10827,10827,3114,0,17055,28341,0,0.041
SAT-Race-2015-CNF/AProVE07-27.cnf.gz,033f38da07bdbbad4763eaf1fe97ce37,29194,29194,7729,0,44652,77124,0,0.104
SAT-Race-2015-CNF/AProVE09-06.cnf.gz,42ca0146eec5e5ae1c487d6a4c2459b0,263137,200000,77230,32,354460,516503,1,0.857
SAT-Race-2015-CNF/E02F20.cnf.gz,6bdd9e4670465a1a3df014b1cf847d53,395383,200000,10097,323,220194,1429990,1,1.901
SAT-Race-2015-CNF/MD5-28-1.cnf.gz,ebdcd4c101ac769c22f450d517f7c110,62558,62558,8282,0,79122,243772,0,0.239
SAT-Race-2015-CNF/MD5-29-2.cnf.gz,4ff2b041aa85dcbcb7879c54fd14cae9,65305,65305,8590,0,82485,254857,0,0.254
SAT-Race-2015-CNF/MD5-29-4.cnf.gz,2f734109b7f0ccf86c85ade14a238b1a,65312,65312,8590,0,82492,254884,0,0.265
SAT-Race-2015-CNF/MD5-29-5.cnf.gz,634fe32d1fd086bebc8d76f298fd3fe2,65322,65322,8591,0,82504,254918,0,0.253
SAT-Race-2015-CNF/MD5-30-1.cnf.gz,c6635a842a41b0635f250f4b9bc4eeca,68106,68106,8906,0,85918,266112,0,0.267
SAT-Race-2015-CNF/MD5-30-5.cnf.gz,4ab0b18400b3cab22e3d6a3bb1114bf8,68103,68103,8905,0,85913,266105,0,0.274
SAT-Race-2015-CNF/SAT_dat.k70-24_1_rule_3.cnf.gz,ac047c52c86534813ec7aff3618b43e8,4433512,200000,334609,797037,869218,501341,1,8.565
SAT-Race-2015-CNF/SAT_dat.k85-24_1_rule_3.cnf.gz,63c6886839a82442cdfbb3167d464baf,5395102,200000,348998,1027703,897996,501673,1,10.205
SAT-Race-2015-CNF/SAT_dat.k90.debugged.cnf.gz,c347e01bc7e4f50032f30648b6a9361e,5715644,200000,353891,1104501,907782,502120,1,11.034
SAT-Race-2015-CNF/SAT_dat.k95-24_1_rule_3.cnf.gz,33bc7daf6c398d1577e904833e889e33,6036162,200000,357550,1182521,915100,501340,1,11.726
SAT-Race-2015-CNF/UCG-15-10p1.cnf.gz,4dcb64bbebf3ca69a49dd0354abd929e,1019221,200000,163972,36031,527944,476879,1,2.118
SAT-Race-2015-CNF/UCG-20-10p0.cnf.gz,18c8ebb6caa830bbb3a5ac3ba7c5bd90,1372149,200000,189788,69011,579576,481647,1,2.644
SAT-Race-2015-CNF/UCG-20-10p1.cnf.gz,d04b0ba751f02b6ace11cd9144952e31,1388006,200000,189633,69625,579266,482720,1,2.66
SAT-Race-2015-CNF/UCG-20-5p0.cnf.gz,c7e7cd9a36c6ebeba57a8719cf82e376,1190673,200000,174653,49934,549306,482153,1,2.411
SAT-Race-2015-CNF/UR-15-10p1.cnf.gz,83ecc728055edd18daa4ac770b963b6d,1019200,200000,164055,35941,528110,476777,1,2.079
SAT-Race-2015-CNF/UR-20-10p0.cnf.gz,d0ad28cbd887af86de17c2680ea91f27,1372095,200000,189737,69044,579474,481265,1,2.696
SAT-Race-2015-CNF/aaai10-planning-ipc5-TPP-21-step11.cnf.gz,9d357a457ccc140541ba0cf35377a347,783991,200000,97340,2396,394680,436247,1,1.724
SAT-Race-2015-CNF/aaai10-planning-ipc5-pathways-13-step17.cnf.gz,98c53818f998d1f88af51bc721cc936c,142227,142227,25631,0,193489,317942,0,0.515
SAT-Race-2015-CNF/aaai10-planning-ipc5-pathways-17-step20.cnf.gz,16c999d046885c8e51f196e60c34d966,283903,200000,50226,51,300452,448360,1,0.859
SAT-Race-2015-CNF/aes_24_4_keyfind_5.cnf.gz,7cdeff406b80f6b252893bbbeab68069,5968,5968,520,0,7008,34720,0,0.032
SAT-Race-2015-CNF/aes_32_2_keyfind_1.cnf.gz,048a70da40ea4908c783b8314be2da97,5016,5016,528,0,6072,27764,0,0.026
SAT-Race-2015-CNF/aes_32_3_keyfind_1.cnf.gz,9a631616dac5230ba5e74d5fdeccc021,2664,2664,708,0,4080,8392,0,0.011
SAT-Race-2015-CNF/aes_64_1_keyfind_1.cnf.gz,3e7401cbfc66f5a68212d4b429e1830e,2780,2780,596,0,3972,10460,0,0.012
SAT-Race-2015-CNF/aes_id.cnf.gz,1c003fbf30233b05b807d87ecb68dfdb,1161168,200000,250185,74856,700370,557780,1,2.655
SAT-Race-2015-CNF/atco_enc1_opt1_04_32.cnf.gz,e73da7823635bf6e7b29d1af370f44d6,582308,200000,50045,7175,300090,789111,1,1.721
SAT-Race-2015-CNF/atco_enc1_opt1_10_15.cnf.gz,5ea72bcdccc86bd1a924029f7b81aec5,261059,200000,46534,225,293068,673457,1,0.949
SAT-Race-2015-CNF/atco_enc1_opt1_10_21.cnf.gz,d2b395be97d8ef720dee0f5c8a191d8f,270831,200000,46659,334,293318,681238,1,0.979
SAT-Race-2015-CNF/atco_enc1_opt2_10_14.cnf.gz,1b5b70b44ef517a92a8d97904d66c7ca,150316,150316,9569,0,169454,629732,0,0.628
SAT-Race-2015-CNF/atco_enc1_opt2_10_16.cnf.gz,3454285436b59c94031a9d8831dae833,152744,152744,9643,0,172030,641139,0,0.644
SAT-Race-2015-CNF/atco_enc1_opt2_20_12.cnf.gz,37c88155822f1934a190dd6f4614f0ce,6595658,200000,136944,34204,473888,646493,1,12.573
SAT-Race-2015-CNF/atco_enc2_opt2_05_9.cnf.gz,e1bae0fd1bda6d17e2a9ae169f597910,390488,200000,14271,641,228542,855073,1,1.278
SAT-Race-2015-CNF/atco_enc2_opt2_10_21.cnf.gz,68f1baafb3c777c3fb603ab988efc697,160531,160531,9824,0,180179,675925,0,0.689
SAT-Race-2015-CNF/atco_enc2_opt2_20_11.cnf.gz,a1e216cb19bc64a073cf423340f42f69,6571833,200000,136658,30417,473316,644804,1,12.222
SAT-Race-2015-CNF/atco_enc3_opt1_13_48.cnf.gz,92dadb41ecc9aa98d2227bc05c6f97cf,6435344,200000,363667,1250989,927334,499014,1,11.345
SAT-Race-2015-CNF/atco_enc3_opt2_10_12.cnf.gz,17127821f541755ba13937dcab5958ac,4932603,200000,351233,885038,902466,499150,1,8.732
SAT-Race-2015-CNF/atco_enc3_opt2_10_14.cnf.gz,b111c9072ae80e84dbb1242b7a0f7a0d,4950217,200000,351730,888948,903460,499303,1,8.799
SAT-Race-2015-CNF/atco_enc3_opt2_18_44.cnf.gz,4a584f1baae6b5e5d44b12ca69905def,5284664,200000,354359,968369,908718,498996,1,9.76
SAT-Race-2015-CNF/beempgsol2b1.cnf.gz,65fd1c223a6bdd2a17e75b388b94d6b8,76534,76534,26455,0,129444,178578,0,0.248
SAT-Race-2015-CNF/beempgsol5b1.cnf.gz,4dd165fbd1678001e130c89cfa2969a2,76534,76534,26455,0,129444,178578,0,0.249
SAT-Race-2015-CNF/bjrb07amba10andenv.cnf.gz,d2b6ef06580fd0959208a886f6f0a3bc,588610,200000,175156,21133,550312,466573,1,1.49
SAT-Race-2015-CNF/bob12m02-opt.cnf.gz,3d790a6e900932248da26ae6d3374eda,77806,77806,26256,0,130318,181546,0,0.256
SAT-Race-2015-CNF/bob12m09-opt.cnf.gz,b4282b4c2b0b243155cc5086eff654cf,152446,152446,51144,0,254734,355706,0,0.52
SAT-Race-2015-CNF/bob12s02.cnf.gz,f9bffa4261b81f64b3a602634b476046,77920,77920,26294,0,130508,181812,0,0.271
SAT-Race-2015-CNF/complete-400-0.1-16-98765432140016.cnf.gz,65993c1d3503a963aa30f8244269cc52,47114,47114,800,0,48714,674201,0,0.525
SAT-Race-2015-CNF/complete-400-0.1-3-9876543214003.cnf.gz,2593ce669baab42240c2fb85e807452c,47369,47369,800,0,48969,679699,0,0.524
SAT-Race-2015-CNF/complete-500-0.1-1-9876543215001.cnf.gz,06e46ab0acac57a61638cbb741949a98,73331,73331,1000,0,75331,1276764,0,1.086
SAT-Race-2015-CNF/complete-500-0.1-15-98765432150015.cnf.gz,10253f0a4b37654146aaf73a9fbbd929,74037,74037,1000,0,76037,1298723,0,1.111
SAT-Race-2015-CNF/complete-500-0.1-8-9876543215008.cnf.gz,77f2ff6b224e8f65ada066a8a11f82ea,74222,74222,1000,0,76222,1307367,0,1.098
SAT-Race-2015-CNF/countbitssrl032.cnf.gz,9fe5c949cfc43c135c028243889134a8,55724,55724,18607,0,92938,130020,0,0.187
SAT-Race-2015-CNF/dated-10-13-u.cnf.gz,2067ba1b7fa867b3fc29566df6841d15,815261,200000,160838,19770,521676,456602,1,1.805
SAT-Race-2015-CNF/dated-10-17-u.cnf.gz,61194ea79b166947d3646c1951395ef4,1070757,200000,188640,40904,577280,461391,1,2.196
SAT-Race-2015-CNF/dated-5-13-u.cnf.gz,0534387f90398a24495d4b7b05f9b342,626501,200000,130496,8312,460992,456984,1,1.418
SAT-Race-2015-CNF/dimacs.cnf.gz,b870acb8393c23186e03496a68ef5f24,9747,9747,2835,0,15417,26101,0,0.034
SAT-Race-2015-CNF/grieu-vmpc-31.cnf.gz,79a44aeb93e3024327f3f0a623fefdc3,146909,146909,961,0,148831,384710,0,0.522
SAT-Race-2015-CNF/group_mulr.cnf.gz,e185ebbd92c23ab460a3d29046eccf1d,4612282,200000,384413,667659,968826,603590,1,9.378
SAT-Race-2015-CNF/gss-18-s100.cnf.gz,0810eb03d022334fdd1d5a6ad4969d47,94269,94269,31364,0,156997,222003,0,0.323
SAT-Race-2015-CNF/gss-19-s100.cnf.gz,d3bf5d39746a7742674e50876649138f,94548,94548,31435,0,157418,222806,0,0.32
SAT-Race-2015-CNF/gss-22-s100.cnf.gz,f93204ed5a1742df93ed31486010a556,95110,95110,31616,0,158342,224220,0,0.332
SAT-Race-2015-CNF/hitag2-10-60-0-0x8edc44db7837bbf-65.cnf.gz,ef4314176e3640b4cb433c05003a9b05,30273,30273,2265,6,34803,178497,0,0.141
SAT-Race-2015-CNF/hitag2-10-60-0-0xe14721bd199894a-99.cnf.gz,2bfc581025f4136b5a0613e8a1c210e6,30374,30374,2285,9,34944,178542,0,0.144
SAT-Race-2015-CNF/hitag2-8-60-0-0x1eb82244d7f1c3c-47.cnf.gz,ca675aeca2450ad1e330bdadb41320de,30260,30260,2277,5,34814,177908,0,0.143
SAT-Race-2015-CNF/hwmcc10-timeframe-expansion-k45-pdtvisns3p02-tseitin.cnf.gz,b5cab29563ae86ab38829f58a895a180,488120,200000,153025,10597,506050,466582,1,1.279
SAT-Race-2015-CNF/hwmcc10-timeframe-expansion-k50-pdtpmsns2-tseitin.cnf.gz,421961af41f33ec0e116e482dcd82b3a,262658,200000,88301,51,376602,466838,1,0.856
SAT-Race-2015-CNF/hwmcc10-timeframe-expansion-k50-pdtvisns3p00-tseitin.cnf.gz,f12494e0d35f59381afa1924004d7b43,546914,200000,166167,17158,532334,466679,1,1.452
SAT-Race-2015-CNF/itox_vc1130.cnf.gz,a0cb3207550d35f88b7d32748020610e,441729,200000,141540,10888,483080,518057,1,1.23
SAT-Race-2015-CNF/jgiraldezlevy.2200.9086.08.40.108.cnf.gz,519ea88c9f43a7fed60b5d718adb4723,9086,9086,2200,0,13486,27258,0,0.039
SAT-Race-2015-CNF/jgiraldezlevy.2200.9086.08.40.109.cnf.gz,468c32ec8eb910bd06121e790331f36a,9086,9086,2200,0,13486,27258,0,0.038
SAT-Race-2015-CNF/jgiraldezlevy.2200.9086.08.40.117.cnf.gz,cf0df5b35d072339a23cf0c1a60c6d23,9086,9086,2200,0,13486,27258,0,0.038
SAT-Race-2015-CNF/jgiraldezlevy.2200.9086.08.40.135.cnf.gz,9300c4f755e5f8a1edb288cf01a10a29,9086,9086,2200,0,13486,27258,0,0.037
SAT-Race-2015-CNF/jgiraldezlevy.2200.9086.08.40.136.cnf.gz,0415acae197134f9d1cd7bea5ac3f2fd,9086,9086,2200,0,13486,27258,0,0.037
SAT-Race-2015-CNF/jgiraldezlevy.2200.9086.08.40.149.cnf.gz,6907af9adb93b94a0f5347407f53aacc,9086,9086,2200,0,13486,27258,0,0.038
SAT-Race-2015-CNF/jgiraldezlevy.2200.9086.08.40.158.cnf.gz,32f9e6d8589013f96d86b3bcb3888dac,9086,9086,2200,0,13486,27258,0,0.048
SAT-Race-2015-CNF/jgiraldezlevy.2200.9086.08.40.167.cnf.gz,b9bc23a50c2ddffad683f3a9045b3192,9086,9086,2200,0,13486,27258,0,0.037
SAT-Race-2015-CNF/jgiraldezlevy.2200.9086.08.40.180.cnf.gz,6afdaec2b82ea578e0c3aeaff3269ef2,9086,9086,2200,0,13486,27258,0,0.037
SAT-Race-2015-CNF/jgiraldezlevy.2200.9086.08.40.188.cnf.gz,30864e4330354181c1c7ccbf301123d9,9086,9086,2200,0,13486,27258,0,0.037
SAT-Race-2015-CNF/jgiraldezlevy.2200.9086.08.40.194.cnf.gz,5bf70209a3e832543c8f3b0059d39172,9086,9086,2200,0,13486,27258,0,0.037
SAT-Race-2015-CNF/jgiraldezlevy.2200.9086.08.40.2.cnf.gz,9203e3759c90c9e9f9410a0ed17f030c,9086,9086,2200,0,13486,27258,0,0.037
SAT-Race-2015-CNF/jgiraldezlevy.2200.9086.08.40.22.cnf.gz,ed0bae76794b5ac6c74a11cd708d7cba,9086,9086,2200,0,13486,27258,0,0.044
SAT-Race-2015-CNF/jgiraldezlevy.2200.9086.08.40.28.cnf.gz,b468577fb9bb05da34532fff619bcaad,9086,9086,2200,0,13486,27258,0,0.038
SAT-Race-2015-CNF/jgiraldezlevy.2200.9086.08.40.33.cnf.gz,67d0def974882bfe1ecfce2f3539271d,9086,9086,2200,0,13486,27258,0,0.037
SAT-Race-2015-CNF/jgiraldezlevy.2200.9086.08.40.35.cnf.gz,cb4630347440d6d7436c4dc7423d4cde,9086,9086,2200,0,13486,27258,0,0.038
SAT-Race-2015-CNF/jgiraldezlevy.2200.9086.08.40.41.cnf.gz,0fa9521ff633b27be11525a7b0f7d8b6,9086,9086,2200,0,13486,27258,0,0.038
SAT-Race-2015-CNF/jgiraldezlevy.2200.9086.08.40.46.cnf.gz,9d474975d3439f742f354b2880bb7dcc,9086,9086,2200,0,13486,27258,0,0.038
SAT-Race-2015-CNF/jgiraldezlevy.2200.9086.08.40.62.cnf.gz,d5f16e727046b1f0a5b4645ab8b610f0,9086,9086,2200,0,13486,27258,0,0.037
SAT-Race-2015-CNF/jgiraldezlevy.2200.9086.08.40.79.cnf.gz,ce7ea71be4a85ea64f84be79b8b29106,9086,9086,2200,0,13486,27258,0,0.038
SAT-Race-2015-CNF/jgiraldezlevy.2200.9086.08.40.8.cnf.gz,539f85494f9070dc6a617c8b6a6fd09a,9086,9086,2200,0,13486,27258,0,0.037
SAT-Race-2015-CNF/jgiraldezlevy.2200.9086.08.40.81.cnf.gz,f8ba1bc57b00b8f52bf94f28e8043a54,9086,9086,2200,0,13486,27258,0,0.037
SAT-Race-2015-CNF/jgiraldezlevy.2200.9086.08.40.83.cnf.gz,447a4317bafeaa2f4a3eeb1516ff45a6,9086,9086,2200,0,13486,27258,0,0.038
SAT-Race-2015-CNF/jgiraldezlevy.2200.9086.08.40.85.cnf.gz,8000ee90ae5c404e10799eded4477ecb,9086,9086,2200,0,13486,27258,0,0.038
SAT-Race-2015-CNF/jgiraldezlevy.2200.9086.08.40.93.cnf.gz,40f01c313adaaf86672576676efe6a53,9086,9086,2200,0,13486,27258,0,0.038
SAT-Race-2015-CNF/k2fix_gr_rcs_w9.shuffled.cnf.gz,839cd1ade564cb2fe3872b3e1391823b,305160,200000,11304,9,222608,405754,1,1.051
SAT-Race-2015-CNF/manol-pipe-c10nid_i.cnf.gz,e75706c2ac3b1e32d2e50383bcc2c0a8,750877,200000,201398,51118,602796,466613,1,1.713
SAT-Race-2015-CNF/manthey_DimacsSorterHalf_29_2.cnf.gz,1c3abce44050ac9e289c84b42f29e62b,18397,18397,5466,1,29329,43163,0,0.061
SAT-Race-2015-CNF/manthey_DimacsSorterHalf_31_2.cnf.gz,d671a563fe876baa08f6b016a54a0a0d,18446,18446,5407,1,29260,43329,0,0.06
SAT-Race-2015-CNF/manthey_DimacsSorterHalf_33_1.cnf.gz,7c6472811be33889e96b18df1c5a6b42,12254,12254,3761,1,19776,28622,0,0.04
SAT-Race-2015-CNF/manthey_DimacsSorterHalf_37_8.cnf.gz,6daadd8c6984d2a4d689ba3960e4e0c5,21154,21154,6246,1,33646,49446,0,0.068
SAT-Race-2015-CNF/manthey_DimacsSorterHalf_37_9.cnf.gz,f15059d81c66447e21458057acdd7b51,31088,31088,8679,1,48446,72842,0,0.102
SAT-Race-2015-CNF/manthey_DimacsSorter_31_0.cnf.gz,f40a3ed5dfec072f670d2fc9411322ed,14320,14320,4357,1,23034,33610,0,0.048
SAT-Race-2015-CNF/manthey_DimacsSorter_31_4.cnf.gz,43e9826f4a546e9da84b6bd8adaa6827,12581,12581,3902,1,20385,29573,0,0.043
SAT-Race-2015-CNF/manthey_DimacsSorter_31_6.cnf.gz,144889e68fb25ec33f1d81cab4c26581,15036,15036,4520,1,24076,35211,0,0.05
SAT-Race-2015-CNF/manthey_DimacsSorter_31_8.cnf.gz,a6d42f0309f3cec86c9a992310101539,18706,18706,5470,1,29646,43899,0,0.06
SAT-Race-2015-CNF/manthey_DimacsSorter_37_3.cnf.gz,19a72fc66cf0e46348b0f17aa5550225,23392,23392,6633,1,36658,54414,0,0.074
SAT-Race-2015-CNF/manthey_single-ordered-initialized-w12-b6.cnf.gz,ca42f722a9523776454f8eb6ec9bce69,5055,5055,792,0,6639,14646,0,0.019
SAT-Race-2015-CNF/manthey_single-ordered-initialized-w14-b7.cnf.gz,47520f6d68cc6528f698f9984e533913,8099,8099,1225,0,10549,23506,0,0.03
SAT-Race-2015-CNF/manthey_single-ordered-initialized-w18-b7.cnf.gz,ccc709abdca6bf542e17a4c3152f4c55,12775,12775,1827,0,16429,37020,0,0.049
SAT-Race-2015-CNF/manthey_single-ordered-initialized-w18-b8.cnf.gz,b2a3d5cef8030d90cfe77271eaf77a11,15054,15054,2160,0,19374,43710,0,0.055
SAT-Race-2015-CNF/manthey_single-ordered-initialized-w20-b10.cnf.gz,804ae5e8cb6ab57438e6cb705755d693,24005,24005,3400,0,30805,69850,0,0.088
SAT-Race-2015-CNF/manthey_single-ordered-initialized-w20-b7.cnf.gz,4e5e351dc69f0bd323688d4917e3ad5d,15509,15509,2170,0,19849,44911,0,0.057
SAT-Race-2015-CNF/manthey_single-ordered-initialized-w20-b8.cnf.gz,b578728a489073549fadc963981c3bee,18240,18240,2560,0,23360,52924,0,0.067
SAT-Race-2015-CNF/manthey_single-ordered-initialized-w22-b6.cnf.gz,78592b2e0120f520bcdec4099593297b,15395,15395,2112,0,19619,44436,0,0.058
SAT-Race-2015-CNF/manthey_single-ordered-initialized-w22-b8.cnf.gz,a7213279dc05d4d6f9dc8c09596a563c,21730,21730,2992,0,27714,63010,0,0.081
SAT-Race-2015-CNF/manthey_single-ordered-initialized-w24-b7.cnf.gz,f613b20d9347bdac226b166cfffddeda,21769,21769,2940,0,27649,62961,0,0.085
SAT-Race-2015-CNF/manthey_single-ordered-initialized-w24-b9.cnf.gz,f407105cf315c262ec5e3a743148a4ea,29400,29400,3996,0,37392,85335,0,0.107
SAT-Race-2015-CNF/manthey_single-ordered-initialized-w26-b7.cnf.gz,646c5dd00cc8abd592a33e18c0d2aa39,25295,25295,3367,0,32029,73120,0,0.093
SAT-Race-2015-CNF/manthey_single-ordered-initialized-w26-b8.cnf.gz,8f7e4fe3a17c107e53f0a22d2aff74d2,29622,29622,3952,0,37526,85798,0,0.108
SAT-Race-2015-CNF/manthey_single-ordered-initialized-w28-b8.cnf.gz,de904b10e25b6ca31faf0861609ac92f,34024,34024,4480,0,42984,98500,0,0.128
SAT-Race-2015-CNF/manthey_single-ordered-initialized-w32-b9.cnf.gz,2ee0774c957ac08cab643bbe3cf5f8e2,50184,50184,6480,0,63144,145387,0,0.186
SAT-Race-2015-CNF/manthey_single-ordered-initialized-w40-b10.cnf.gz,49ab7e33faba06f3b98c777d17d78ae4,86325,86325,10800,0,107925,250070,0,0.309
SAT-Race-2015-CNF/manthey_single-ordered-initialized-w40-b8.cnf.gz,68869a0ce4bee90c6ab046a102dee370,66820,66820,8320,0,83460,193024,0,0.45
SAT-Race-2015-CNF/manthey_single-ordered-initialized-w42-b8.cnf.gz,43687a48fb119ca61b47c2fc69a71e7d,73350,73350,9072,0,91494,211830,0,0.298
SAT-Race-2015-CNF/manthey_single-ordered-initialized-w42-b9.cnf.gz,d4fc0e4e250a5c0609a54511ce6a4185,83904,83904,10395,0,104694,242682,0,0.305
SAT-Race-2015-CNF/manthey_single-ordered-initialized-w44-b6.cnf.gz,4a94b67c9c3740f8d8ea0abe26f15c28,57855,57855,7128,0,72111,166294,0,0.217
SAT-Race-2015-CNF/manthey_single-ordered-initialized-w44-b7.cnf.gz,31edaafd9d145d9346d2bddf8fcb8832,68909,68909,8470,0,85849,198571,0,0.259
SAT-Race-2015-CNF/manthey_single-ordered-initialized-w44-b8.cnf.gz,bc1a57d3db29650ab188fc14894b1881,80184,80184,9856,0,99896,231508,0,0.301
SAT-Race-2015-CNF/manthey_single-ordered-initialized-w44-b9.cnf.gz,77cec45f73664612b39964d16a695de4,91680,91680,11286,0,114252,265105,0,0.349
SAT-Race-2015-CNF/manthey_single-ordered-initialized-w46-b7.cnf.gz,73290a2f525f7c1ce30e2367b09b3724,75075,75075,9177,0,93429,216290,0,0.278
SAT-Race-2015-CNF/manthey_single-ordered-initialized-w46-b8.cnf.gz,a812d3e98a8ceb1f7a264a6fab28c12b,87322,87322,10672,0,108666,252058,0,0.327
SAT-Race-2015-CNF/manthey_single-ordered-initialized-w46-b9.cnf.gz,e21a7c73d62ff040aec4ea2f03af2328,99800,99800,12213,0,124226,288516,0,0.369
SAT-Race-2015-CNF/manthey_single-ordered-initialized-w48-b6.cnf.gz,0b79fd06074d17e8919ae2de094c168b,68487,68487,8352,0,85191,196770,0,0.256
SAT-Race-2015-CNF/manthey_single-ordered-initialized-w48-b7.cnf.gz,b04c3a294862907ebd7c056154bb9b5d,81505,81505,9912,0,101329,234765,0,0.296
SAT-Race-2015-CNF/manthey_single-ordered-initialized-w48-b8.cnf.gz,c75da2a1b1be73fff24d160d3c0ac22c,94764,94764,11520,0,117804,273480,0,0.359
SAT-Race-2015-CNF/manthey_single-ordered-initialized-w48-b9.cnf.gz,c261941bfec8b89d75fee1a66a839169,108264,108264,13176,0,134616,312915,0,0.417
SAT-Race-2015-CNF/manthey_single-ordered-initialized-w50-b6.cnf.gz,5fb9e9d1365f1a6c46ee0dfc937941bb,74139,74139,9000,0,92139,212968,0,0.273
SAT-Race-2015-CNF/manthey_single-ordered-initialized-w50-b7.cnf.gz,7e5396d6b00b82c2fc0ea1d7c6505afd,88199,88199,10675,0,109549,253996,0,0.322
SAT-Race-2015-CNF/manthey_single-ordered-initialized-w52-b6.cnf.gz,74b45cea1e5113940db794e66cdba4e0,80015,80015,9672,0,99359,229806,0,0.295
SAT-Race-2015-CNF/manthey_single-ordered-initialized-w54-b9.cnf.gz,4c7889a2a63b371ed702b279d0edc5f2,135720,135720,16281,0,168282,392040,0,0.492
SAT-Race-2015-CNF/minandmaxor128.cnf.gz,cc436db9fe0278663ce376e068069815,746444,200000,205057,44270,610114,466487,1,1.672
SAT-Race-2015-CNF/minxorminand064.cnf.gz,c6b68cef6a06f0931380e3b812108f84,119357,119357,40042,0,199441,278497,0,0.41
SAT-Race-2015-CNF/mrpp_4x4#10_20.cnf.gz,b1654713158a777352b4bf00e6ffc820,28326,28326,4396,132,37118,76744,0,0.104
SAT-Race-2015-CNF/mrpp_4x4#10_9.cnf.gz,7d2463381d7384215f0a5b30ef199c37,12310,12310,1888,88,16086,33624,0,0.046
SAT-Race-2015-CNF/mrpp_4x4#12_12.cnf.gz,02066c116dbacc40ec5cca2067db26c0,16408,16408,2572,100,21552,44304,0,0.062
SAT-Race-2015-CNF/mrpp_4x4#4_24.cnf.gz,c9ce173177f091f397ac8be79fba5d66,27895,27895,4924,124,37743,73557,0,0.124
SAT-Race-2015-CNF/mrpp_4x4#4_4.cnf.gz,6077e9ca9382b71a639b9edd23bc198f,3859,3859,684,64,5227,10089,0,0.017
SAT-Race-2015-CNF/mrpp_4x4#4_5.cnf.gz,4777e305e53a46a97e784abae072c204,5077,5077,896,67,6869,13311,0,0.02
SAT-Race-2015-CNF/mrpp_4x4#6_16.cnf.gz,59d707cb060caddfc025abef8ba1a4f5,17876,17876,3228,100,24332,46956,0,0.071
SAT-Race-2015-CNF/mrpp_4x4#6_20.cnf.gz,8baa990595b90ab779c1e3f028965099,22548,22548,4076,112,30700,59244,0,0.086
SAT-Race-2015-CNF/mrpp_4x4#6_5.cnf.gz,715e63fe287daf50c04c9ef51e88cad1,5002,5002,896,67,6794,13086,0,0.018
SAT-Race-2015-CNF/mrpp_4x4#8_8.cnf.gz,483e67e61c27723eec3cfa3dbe4f07c3,11025,11025,1660,84,14345,30388,0,0.042
SAT-Race-2015-CNF/mrpp_6x6#10_10.cnf.gz,2a31b024f84fb4127d83b5e43c306ffe,32639,32639,4775,156,42189,89927,0,0.125
SAT-Race-2015-CNF/mrpp_6x6#10_8.cnf.gz,e708c10a771818b51e7c93cd06e1d416,25742,25742,3745,148,33232,71181,0,0.098
SAT-Race-2015-CNF/mrpp_6x6#12_16.cnf.gz,7c28cf60f47f359a5c019349bb14f659,52216,52216,7865,180,67946,141709,0,0.197
SAT-Race-2015-CNF/mrpp_6x6#12_8.cnf.gz,022dc7e9935f3570c088db58bd84b2c6,25537,25537,3745,148,33027,70361,0,0.104
SAT-Race-2015-CNF/mrpp_6x6#14_24.cnf.gz,8cc277adc1b861c9db879a378779fcb1,77598,77598,11985,212,101568,207869,0,0.281
SAT-Race-2015-CNF/mrpp_6x6#16_12.cnf.gz,dfe6e6bb34cfca922dffc3c48ba09e63,50677,50677,6225,176,63127,154294,0,0.193
SAT-Race-2015-CNF/mrpp_6x6#16_24.cnf.gz,e5b11161851924689e62577d4feab878,101632,101632,12825,236,127282,302497,0,0.39
SAT-Race-2015-CNF/mrpp_6x6#16_9.cnf.gz,554cdbf751c29048d49473df6e87e6b1,37748,37748,4575,161,46898,116292,0,0.14
SAT-Race-2015-CNF/mrpp_6x6#18_12.cnf.gz,4da532170986c551e4b0642187cdb6d0,50273,50273,6225,176,62723,152274,0,0.187
SAT-Race-2015-CNF/mrpp_6x6#18_9.cnf.gz,fa2576cc078f2b4e7d205670e75999e8,37504,37504,4575,161,46654,115072,0,0.143
SAT-Race-2015-CNF/mrpp_6x6#20_10.cnf.gz,6e808c491e0b4d6472313d74d408df7f,41550,41550,5125,166,51800,126421,0,0.158
SAT-Race-2015-CNF/mrpp_8x8#12_9.cnf.gz,9029b7752f30cd818f3391489d7cffc5,50916,50916,7216,235,65348,141456,0,0.19
SAT-Race-2015-CNF/mrpp_8x8#16_12.cnf.gz,cec5d86e0eae8234ca7c29b31c4674a6,88870,88870,10531,259,109932,273554,0,0.332
SAT-Race-2015-CNF/mrpp_8x8#18_12.cnf.gz,6d2aca2a97e05cc7e5ee613891454730,88451,88451,10531,259,109513,271459,0,0.326
SAT-Race-2015-CNF/mrpp_8x8#18_13.cnf.gz,40c14c38362c8a8b8fb9849ecb2fb66e,95876,95876,11462,264,118800,293268,0,0.357
SAT-Race-2015-CNF/mrpp_8x8#18_20.cnf.gz,7bfc007db654405b48651b0b0299ddf5,146601,146601,17979,299,182559,439681,0,0.554
SAT-Race-2015-CNF/mrpp_8x8#20_16.cnf.gz,bc8aa2a4826e14729c5575212e759053,116684,116684,14255,279,145194,351360,0,0.431
SAT-Race-2015-CNF/mrpp_8x8#20_20.cnf.gz,981b1e9938598ea58c9747fcf5cbaf64,145067,145067,17979,299,181025,432011,0,0.539
SAT-Race-2015-CNF/mrpp_8x8#22_10.cnf.gz,431bfb466be51ecd86b321b5cbce6d3c,72538,72538,8669,249,89876,222526,0,0.266
SAT-Race-2015-CNF/mrpp_8x8#22_11.cnf.gz,e465fa1c262b019c7ac01a5fd53e911b,79956,79956,9600,254,99156,244300,0,0.294
SAT-Race-2015-CNF/mrpp_8x8#22_20.cnf.gz,0b2d1228c056ad88a69e5464b0b05669,143734,143734,17979,299,179692,425346,0,0.53
SAT-Race-2015-CNF/mrpp_8x8#22_24.cnf.gz,d88295f02603eeb05099686b4cc6bd82,171614,171614,21703,319,215020,503482,0,0.627
SAT-Race-2015-CNF/mrpp_8x8#24_11.cnf.gz,f1b45366faefda19a1c528ac6fa605ac,79645,79645,9600,254,98845,242745,0,0.293
SAT-Race-2015-CNF/mrpp_8x8#24_14.cnf.gz,0900255c001ced2b14a6cadc0403967e,101072,101072,12393,269,125858,303932,0,0.391
SAT-Race-2015-CNF/mrpp_8x8#24_16.cnf.gz,54709a801e916f6a8e931714a23eeaf8,115034,115034,14255,279,143544,343110,0,0.417
SAT-Race-2015-CNF/mrpp_8x8#24_20.cnf.gz,d8ff2ae89a1eba302075e4d8fb10830c,142603,142603,17979,299,178561,419691,0,0.518
SAT-Race-2015-CNF/mrpp_8x8#24_24.cnf.gz,bd434e301a36de29ccf1ce7d6343b887,170032,170032,21703,319,213438,495572,0,0.638
SAT-Race-2015-CNF/mrpp_8x8#8_9.cnf.gz,a99895026999b6ed637222c64f0ebf19,51322,51322,7216,235,65754,143080,0,0.188
SAT-Race-2015-CNF/partial-10-11-s.cnf.gz,f19dc32213cc4c9c233095d72742d7cc,850574,200000,166939,22517,533878,455460,1,1.818
SAT-Race-2015-CNF/partial-5-15-s.cnf.gz,93df66fe35ae20e7dda278ac4c88123d,1013700,200000,182998,35496,565996,460303,1,2.324
SAT-Race-2015-CNF/partial-5-17-s.cnf.gz,0b22aa567ddfa8d702378b76167c9195,1189896,200000,199795,52533,599590,462153,1,2.465
SAT-Race-2015-CNF/post-c32s-ss-8.cnf.gz,ae3b156c0a461198e90d5b834d640e11,148393,148393,53752,0,255897,346249,0,0.528
SAT-Race-2015-CNF/post-cbmc-aes-d-r2-noholes.cnf.gz,1a44872b002813b5afeda13c3dfeaa09,1607567,200000,176943,99952,553886,538705,1,3.3
SAT-Race-2015-CNF/post-cbmc-aes-d-r2.cnf.gz,c36212abaa764003fa16ea042f52e44f,1607567,200000,176943,102176,553886,538705,1,3.209
SAT-Race-2015-CNF/post-cbmc-aes-ee-r2-noholes.cnf.gz,3a07646b52c82ef8e8b024cb235ec2ae,1575975,200000,173139,93060,546278,537109,1,3.118
SAT-Race-2015-CNF/q_query_3_L150_coli.sat.cnf.gz,e10d8d33a42e3654117982554a530a35,2456708,200000,215445,271547,630890,582093,1,4.962
SAT-Race-2015-CNF/q_query_3_L80_coli.sat.cnf.gz,15aa76147c3bf733a63f020f917df935,1183233,200000,171384,79183,542768,577399,1,2.599
SAT-Race-2015-CNF/transport-transport-city-sequential-25nodes-1000size-3degree-100mindistance-3trucks-10packages-2008seed.040-NOTKNOWN.cnf.gz,0b9f8c85eaff9eed98a0c5cd3189afb7,2579500,200000,229976,252234,659952,472735,1,4.763
SAT-Race-2015-CNF/transport-transport-city-sequential-35nodes-1000size-4degree-100mindistance-4trucks-14packages-2008seed.040-NOTKNOWN.cnf.gz,f57dfed6d13d0ae0383ea4f77ba26ef6,6771840,200000,297328,962978,794656,477747,1,12.002
SAT-Race-2015-CNF/velev-vliw-uns-4.0-9-i1.cnf.gz,a226b8099697bd0be93f4dd7b77d6fc0,3230738,200000,107119,47190,414238,587960,1,5.946
industrial/SAT-Challenge-2012/SATChallenge2012_Application/satCompetition2009Unselected/application/SAT09/APPLICATIONS/bitverif/isqrt/isqrt1_32.cnf.gz,f3e7597514a30d52ee4cc830468161fe,18761,18761,6285,0,31331,43773,0,0.064
industrial/SAT-Challenge-2012/SATChallenge2012_Application/satCompetition2009Unselected/application/SAT09/APPLICATIONS/bitverif/isqrt/isqrt2_32.cnf.gz,6020adfdd5e17de1ac59e1933737cfcf,19355,19355,6483,0,32321,45159,0,0.064
industrial/SAT-Challenge-2012/SATChallenge2012_Application/satCompetition2009Unselected/application/SAT09/APPLICATIONS/bitverif/maxand/maxand128.cnf.gz,7499847c9ffc5b7f60e8ee68573ecc2d,158933,158933,53746,0,266425,370841,0,0.552
industrial/SAT-Challenge-2012/SATChallenge2012_Application/satCompetition2009Unselected/application/SAT09/APPLICATIONS/bitverif/maxor/maxor064.cnf.gz,20132fb2ea02d8606840eb1d63f9f5c5,151835,151835,50996,0,253827,354279,0,0.503
industrial/SAT-Challenge-2012/SATChallenge2012_Application/satCompetition2009Unselected/application/SAT09/APPLICATIONS/bitverif/minandmaxor/minandmaxor064.cnf.gz,1959e881d4c05176d92d1511330f924e,188876,188876,63215,0,315306,440708,0,0.651
industrial/SAT-Challenge-2012/SATChallenge2012_Application/satCompetition2009Unselected/application/SAT09/APPLICATIONS/bitverif/minor/minor128.cnf.gz,a70be851b3e1d994d3c3729d8c9dcf1a,158933,158933,53746,0,266425,370841,0,0.543
industrial/SAT-Challenge-2012/SATChallenge2012_Application/satCompetition2009Unselected/application/SAT09/APPLICATIONS/bitverif/smulo/smulo032.cnf.gz,44da85cb5284687e58d86694e4c0ab48,35162,35162,11785,0,58732,82042,0,0.118
industrial/SAT-Challenge-2012/SATChallenge2012_Application/satCompetition2009Unselected/application/SAT09/APPLICATIONS/crypto/md5gen/gus-md5-08.cnf.gz,0aea4286a11d91ee8fa356d5db046373,226300,200000,69395,2,338790,518332,1,0.822
industrial/SAT-Challenge-2012/SATChallenge2012_Application/satCompetition2009Unselected/application/SAT09/APPLICATIONS/diagnosis/ACG-10-10p1.cnf.gz,1e62a8b371d5a7de99faffc52d915e26,691663,200000,145348,13769,490696,464955,1,1.566
industrial/SAT-Challenge-2012/SATChallenge2012_Application/satCompetition2009Unselected/application/SAT09/APPLICATIONS/diagnosis/ACG-15-5p0.cnf.gz,6db155290e3a34927bf7e9615c8387b2,923778,200000,180367,33718,560734,467137,1,2.02
industrial/SAT-Challenge-2012/SATChallenge2012_Application/satCompetition2009Unselected/application/SAT09/APPLICATIONS/diagnosis/UCG-10-10p1.cnf.gz,14586ca8c72a92b53755c036c38c2cef,635913,200000,122204,9038,444408,470731,1,1.448
industrial/SAT-Challenge-2012/SATChallenge2012_Application/satCompetition2009Unselected/application/SAT09/APPLICATIONS/diagnosis/UCG-15-5p1.cnf.gz,79fc460b2303a776f07010631c9bc9fe,831947,200000,142547,20728,485094,476814,1,1.994
industrial/SAT-Challenge-2012/SATChallenge2012_Application/satCompetition2009Unselected/application/SAT09/APPLICATIONS/diagnosis/UR-15-5p1.cnf.gz,dc4b49ad29c0241d7d2c9351e8cdd938,831896,200000,142839,20419,485678,477504,1,1.901
industrial/SAT-Challenge-2012/SATChallenge2012_Application/satCompetition2009Unselected/application/SAT09/APPLICATIONS/diagnosis/UTI-10-10p1.cnf.gz,df12a2b01f5bf76a1d4b851e6f373e72,636464,200000,122192,9234,444384,470739,1,1.433
industrial/SAT-Challenge-2012/SATChallenge2012_Application/satCompetition2011Unselected/SAT11/application/fuhs/AProVE11/AProVE11-01.cnf.gz,410539f411ecf4606d8f23cae5ac32b9,743079,200000,191589,23143,583178,525149,1,1.813
industrial/SAT-Challenge-2012/SATChallenge2012_Application/satCompetition2011Unselected/SAT11/application/fuhs/AProVE11/AProVE11-05.cnf.gz,dfb54974a8f05a387bee0cc0afcc4aea,273536,200000,80179,53,360358,524516,1,1.137
industrial/SAT-Challenge-2012/SATChallenge2012_Application/satCompetition2011Unselected/SAT11/application/fuhs/AProVE11/AProVE11-08.cnf.gz,5f64b932cc85cf2f2dd4a205928265ee,774966,200000,202248,28603,604496,522355,1,1.911
industrial/SAT-Challenge-2012/SATChallenge2012_Application/satCompetition2011Unselected/SAT11/application/fuhs/AProVE11/AProVE11-14.cnf.gz,d23b6de2bfcf7fad383839d9e1c474b4,1742927,200000,312461,191728,824922,522281,1,3.767
industrial/SAT-Challenge-2012/SATChallenge2012_Application/satCompetition2011Unselected/SAT11/application/fuhs/slp-synthesis-AES/slp-synthesis-aes-top27.cnf.gz,01209700b6b45ca5fda7fbcb17765db1,263586,200000,82702,43,365404,489398,1,0.874
industrial/SAT-Challenge-2012/SATChallenge2012_Application/satCompetition2011Unselected/SAT11/application/jarvisalo/HWMCC10-combination-timeframe-expansion/hwmcc10-timeframe-expansion-k50-pdtswvrod6x8p2-tseitin.cnf.gz,ff2f06af479a72c3ccba0294766b6c03,537875,200000,163036,16689,526072,466785,1,1.386
industrial/SAT-Challenge-2012/SATChallenge2012_Application/satCompetition2011Unselected/SAT11/application/jarvisalo/smtqfbv-aigs/smtlib-qfbv-aigs-bin_eventlogadm_vc331235-tseitin.cnf.gz,b5997123626c2d12fa7e2ef8972d38e4,1247498,200000,271093,156307,742186,466432,1,2.622
industrial/SAT-Challenge-2012/SATChallenge2012_Application/satCompetition2011Unselected/SAT11/application/jarvisalo/smtqfbv-aigs/smtlib-qfbv-aigs-bin_eventlogadm_vc344392-tseitin.cnf.gz,d73632fec32a7c578f7226e275146c53,697694,200000,206944,41476,613888,467005,1,1.671
industrial/SAT-Challenge-2012/SATChallenge2012_Application/satCompetition2011Unselected/SAT11/application/jarvisalo/smtqfbv-aigs/smtlib-qfbv-aigs-bin_eventlogadm_vc352372-tseitin.cnf.gz,4622ccd57b5cfc2f13810e1e01bfbdb9,992162,200000,243918,102070,687836,466540,1,2.192
industrial/SAT-Challenge-2012/SATChallenge2012_Application/satCompetition2011Unselected/SAT11/application/jarvisalo/smtqfbv-aigs/smtlib-qfbv-aigs-bin_libmsrpc_vc1225297-tseitin.cnf.gz,f0b8e11a9e420ba231cfa34e5e2e2ebc,461054,200000,152738,7294,505476,466586,1,1.259
industrial/SAT-Challenge-2012/SATChallenge2012_Application/satCompetition2011Unselected/SAT11/application/jarvisalo/smtqfbv-aigs/smtlib-qfbv-aigs-bin_libmsrpc_vc1228572-tseitin.cnf.gz,3becb154c60a9c36c323b6a29b9f8974,721025,200000,208542,40644,617084,466758,1,1.688
industrial/SAT-Challenge-2012/SATChallenge2012_Application/satCompetition2011Unselected/SAT11/application/jarvisalo/smtqfbv-aigs/smtlib-qfbv-aigs-bin_libsmbclient_vc1225238-tseitin.cnf.gz,20af7a90131ea05e1ef53ea3705088c9,448826,200000,150390,6869,500780,466642,1,1.217
industrial/SAT-Challenge-2012/SATChallenge2012_Application/satCompetition2011Unselected/SAT11/application/jarvisalo/smtqfbv-aigs/smtlib-qfbv-aigs-bin_libsmbclient_vc1225819-tseitin.cnf.gz,c2cd09b4537de6e215569560cf8646e4,757862,200000,214611,47133,629222,466763,1,1.831
industrial/SAT-Challenge-2012/SATChallenge2012_Application/satCompetition2011Unselected/SAT11/application/jarvisalo/smtqfbv-aigs/smtlib-qfbv-aigs-bin_libsmbclient_vc1228447-tseitin.cnf.gz,f0fb19c989586fbd0fe103711b168688,742865,200000,211338,44661,622676,466633,1,1.758
industrial/SAT-Challenge-2012/SATChallenge2012_Application/satCompetition2011Unselected/SAT11/application/jarvisalo/smtqfbv-aigs/smtlib-qfbv-aigs-bin_libsmbsharemodes_vc4322-tseitin.cnf.gz,6ddb1d74448f67dbc7f9ce40023125df,1149791,200000,259580,140513,719160,466796,1,2.464
industrial/SAT-Challenge-2012/SATChallenge2012_Application/satCompetition2011Unselected/SAT11/application/jarvisalo/smtqfbv-aigs/smtlib-qfbv-aigs-bin_libsmbsharemodes_vc6201-tseitin.cnf.gz,06326dd7bab63b892d2c147d5928468c,472781,200000,155985,8347,511970,466388,1,1.252
industrial/SAT-Challenge-2012/SATChallenge2012_Application/satCompetition2011Unselected/SAT11/application/jarvisalo/smtqfbv-aigs/smtlib-qfbv-aigs-bin_libsmbsharemodes_vc7701-tseitin.cnf.gz,d0261efd3e55848b11c1f71a22049a1e,1149368,200000,258759,139481,717518,466302,1,2.419
industrial/SAT-Challenge-2012/SATChallenge2012_Application/satCompetition2011Unselected/SAT11/application/jarvisalo/smtqfbv-aigs/smtlib-qfbv-aigs-innfeed_innfeed_vc36608-tseitin.cnf.gz,a0bfed3e5f7b31720029e8b42a3865ac,302921,200000,102932,347,405864,466575,1,0.897
industrial/SAT-Challenge-2012/SATChallenge2012_Application/satCompetition2011Unselected/SAT11/application/jarvisalo/smtqfbv-aigs/smtlib-qfbv-aigs-innfeed_innfeed_vc37051-tseitin.cnf.gz,3e4da63c0d1a7db66c58a26136b41582,380114,200000,126443,1926,452886,466729,1,1.182
industrial/SAT-Challenge-2012/SATChallenge2012_Application/satCompetition2011Unselected/SAT11/application/jarvisalo/smtqfbv-aigs/smtlib-qfbv-aigs-src_wget_vc17912-tseitin.cnf.gz,a8963c507ec3834e0be841b79a2b5edc,777008,200000,218140,41750,636280,466485,1,1.818
industrial/SAT-Challenge-2012/SATChallenge2012_Application/satCompetition2011Unselected/SAT11/application/kullmann/AES/Benchmarks/64/aes_64_1_keyfind_2.cnf.gz,c01feb6883815ed905fe48a55491620d,2780,2780,596,0,3972,10460,0,0.012
industrial/SAT-Challenge-2012/SATChallenge2012_Application/satCompetition2011Unselected/SAT11/application/leberre/2dimensionalstrippacking/E03X18.cnf.gz,f1931c6a41a3cdac5a9c9cb806bf03ce,125416,125416,7794,0,141004,737678,0,0.633
industrial/SAT-Challenge-2012/SATChallenge2012_Application/satCompetition2011Unselected/SAT11/application/leberre/2dimensionalstrippacking/E04F17.cnf.gz,dfa2742e02d62edd6bea01be4c87d201,80716,80716,6664,0,94044,404214,0,0.357
industrial/SAT-Challenge-2012/SATChallenge2012_Application/satCompetition2011Unselected/SAT11/application/rintanen/SATPlanning/blocks-blocks-36-0.140-NOTKNOWN.cnf.gz,2609d5f1772bd52e16159b51a986b74d,10243000,200000,237040,334025,674080,435205,1,17.545
industrial/SAT-Challenge-2012/SATChallenge2012_Application/satCompetition2011Unselected/SAT11/application/rintanen/SATPlanning/blocks-blocks-36-0.150-NOTKNOWN.cnf.gz,2e058841373f34cc47d8dec927fd1796,10974540,200000,241860,369895,683720,432536,1,18.841
industrial/SAT-Challenge-2012/SATChallenge2012_Application/satCompetition2011Unselected/SAT11/application/rintanen/SATPlanning/blocks-blocks-37-1.140-NOTKNOWN.cnf.gz,7948e49f890a013bd25e63938e096ac0,11009297,200000,241599,360902,683198,434898,1,18.437
industrial/SAT-Challenge-2012/SATChallenge2012_Application/satCompetition2011Unselected/SAT11/application/rintanen/SATPlanning/grid-strips-grid-y-3.045-NOTKNOWN.cnf.gz,0e775873f4c4bbc81ff92b87dd3e15e8,2750755,200000,190265,140475,580530,480068,1,5.035
industrial/SAT-Challenge-2012/SATChallenge2012_Application/satCompetition2011Unselected/SAT11/application/rintanen/SATPlanning/grid-strips-grid-y-4.035-NOTKNOWN.cnf.gz,b2d89917d97f65150eef03cf1db3c03d,3449729,200000,197558,196808,595116,477130,1,6.189
industrial/SAT-Challenge-2012/SATChallenge2012_Application/satCompetition2011Unselected/SAT11/application/rintanen/SATPlanning/grid-strips-grid-y-4.045-SAT.cnf.gz,9881a30e8616d30681e33c0b3b64a044,4435119,200000,221464,285332,642928,486589,1,8.047
industrial/SAT-Challenge-2012/SATChallenge2012_Application/satCompetition2011Unselected/SAT11/application/rintanen/SATPlanning/openstacks-sequencedstrips-nonadl-nonnegated-os-sequencedstrips-p30_1.075-NOTKNOWN.cnf.gz,80e548bef03ac3dfa741c3b4121126e7,1431136,200000,190581,95425,581162,475641,1,2.719
industrial/SAT-Challenge-2012/SATChallenge2012_Application/satCompetition2011Unselected/SAT11/application/rintanen/SATPlanning/openstacks-sequencedstrips-nonadl-nonnegated-os-sequencedstrips-p30_1.085-SAT.cnf.gz,1e91b465bc8ea51467272b44487428f8,1621926,200000,202590,121526,605180,474245,1,3.078
industrial/SAT-Challenge-2012/SATChallenge2012_Application/satCompetition2011Unselected/SAT11/application/rintanen/SATPlanning/openstacks-sequencedstrips-nonadl-nonnegated-os-sequencedstrips-p30_3.075-NOTKNOWN.cnf.gz,12ebd70c1846efa7337844610e3b209f,1450261,200000,189571,96435,579142,475609,1,2.795
industrial/SAT-Challenge-2012/SATChallenge2012_Application/satCompetition2011Unselected/SAT11/application/rintanen/SATPlanning/transport-transport-two-cities-sequential-15nodes-1000size-3degree-100mindistance-3trucks-10packages-2008seed.030-NOTKNOWN.cnf.gz,deac2093c09ab87f614220ddcd88dbc6,2355835,200000,220704,215061,641408,475609,1,4.399
industrial/SAT-Challenge-2012/SATChallenge2012_Application/satRaceUnselected/ibm/2002/01_rule/SAT_dat.k90.cnf.gz,578a7d4f3eff1d7097beddaf7efc7cf1,1287433,200000,213967,102004,627934,503032,1,2.765
industrial/SAT-Challenge-2012/SATChallenge2012_Application/satRaceUnselected/ibm/2002/06_rule/SAT_dat.k100.cnf.gz,aee6786830c94977356f68992f29ec46,6356704,200000,360730,1261032,921460,501283,1,12.095
industrial/SAT-Challenge-2012/SATChallenge2012_Application/satRaceUnselected/ibm/2002/07_rule/SAT_dat.k65.cnf.gz,486b7de8a868abc7f30ae4fe9895cefc,4112982,200000,328179,721782,856358,501923,1,7.962
industrial/SAT-Challenge-2012/SATChallenge2012_Application/satRaceUnselected/ibm/2002/11_rule_1/SAT_dat.k80.cnf.gz,5b1c392c656eb867c69d566bb7985357,5074584,200000,344972,950050,889944,501698,1,9.721
industrial/SAT-Challenge-2012/SATChallenge2012_Application/satRaceUnselected/ibm/2002/30_rule/SAT_dat.k55.cnf.gz,69eebb04019d5d0458b2e56fb6caaa5e,573948,200000,110254,6850,420508,524545,1,1.438
industrial/SAT-Challenge-2012/SATChallenge2012_Application/satRaceUnselected/ibm/2004/01/IBM_FV_2004_rule_batch_01_SAT_dat.k100.cnf.gz,9a94662670700ce476c162475f5cf88f,306560,200000,71620,169,343240,514364,1,0.912
industrial/SAT-Challenge-2012/SATChallenge2012_Application/satRaceUnselected/ibm/2004/01/IBM_FV_2004_rule_batch_01_SAT_dat.k95.cnf.gz,288093fb8e940d222048b82fa4d3d39c,291385,200000,68154,90,336308,515630,1,0.892
industrial/SAT-Challenge-2012/SATChallenge2012_Application/satRaceUnselected/ibm/2004/07/IBM_FV_2004_rule_batch_07_SAT_dat.k35.cnf.gz,cc13f460ceb62f42ac9b8674308888a8,33469,33469,12116,0,57701,87781,0,0.12
industrial/SAT-Challenge-2012/SATChallenge2012_Application/satRaceUnselected/ibm/2004/07/IBM_FV_2004_rule_batch_07_SAT_dat.k55.cnf.gz,daa424c2ef0cfe236837cd1a3947063b,43209,43209,16256,0,75721,114041,0,0.155
industrial/SAT-Challenge-2012/SATChallenge2012_Application/satRaceUnselected/ibm/2004/07/IBM_FV_2004_rule_batch_07_SAT_dat.k90.cnf.gz,efe1951069311bc03eadd11547cf02ab,60254,60254,23501,0,107256,159996,0,0.216
industrial/SAT-Challenge-2012/SATChallenge2012_Application/satRaceUnselected/ibm/2004/07/IBM_FV_2004_rule_batch_07_SAT_dat.k95.cnf.gz,b2e11db374c01a834f5693a656598698,62689,62689,24536,0,111761,166561,0,0.224
industrial/SAT-Challenge-2012/SATChallenge2012_Application/satRaceUnselected/ibm/2004/20/IBM_FV_2004_rule_batch_20_SAT_dat.k75.cnf.gz,830129ccece6a0981e8a8783368ccbc2,566530,200000,126685,9611,453370,506023,1,1.387
industrial/SAT-Challenge-2012/SATChallenge2012_Application/satRaceUnselected/ibm/2004/22/IBM_FV_2004_rule_batch_22_SAT_dat.k100.cnf.gz,2daf54c7f2e073d821c467a4993ebdeb,895209,200000,175241,40232,550482,506921,1,2.034
industrial/SAT-Challenge-2012/SATChallenge2012_Application/satRaceUnselected/ibm/2004/22/IBM_FV_2004_rule_batch_22_SAT_dat.k65.cnf.gz,dd1adb197177912d2842849ce1ab0dc4,577164,200000,128999,10034,457998,505735,1,1.427
industrial/SAT-Challenge-2012/SATChallenge2012_Application/satRaceUnselected/ibm/2004/23/IBM_FV_2004_rule_batch_23_SAT_dat.k90.cnf.gz,b3de1f4bb0d27d5b0a2514a713c96e1d,773935,200000,159806,26800,519612,506616,1,1.771
industrial/SAT-Challenge-2012/SATChallenge2012_Application/satRaceUnselected/ibm/2004/26/IBM_FV_2004_rule_batch_26_SAT_dat.k90.cnf.gz,ceb5d167122408378a3e3f437a80e139,2250041,200000,215520,229161,631040,522992,1,4.178
industrial/SAT-Challenge-2012/SATChallenge2012_Application/satRaceUnselected/ibm/2004/26/IBM_FV_2004_rule_batch_26_SAT_dat.k95.cnf.gz,4a7787d8a9e416c9a9b66b3230834b1e,2374366,200000,219633,249578,639266,522527,1,4.361
industrial/SAT-Challenge-2012/SATChallenge2012_Application/satRaceUnselected/ibm/2004/30/IBM_FV_2004_rule_batch_30_SAT_dat.k75.cnf.gz,8175dacde2d6517a91c1912847a34006,642979,200000,141740,12864,483480,512929,1,1.519
industrial/SAT-Challenge-2012/SATChallenge2012_Application/satRaceUnselected/ibm/2004/3_11/IBM_FV_2004_rule_batch_3_11_SAT_dat.k100.cnf.gz,7d89daff5013fc5acc0e0c86ba805224,1305740,200000,222434,105295,644868,501959,1,2.806
industrial/SAT-Challenge-2012/SATChallenge2012_Application/satRaceUnselected/ibm/2004/3_11/IBM_FV_2004_rule_batch_3_11_SAT_dat.k90.cnf.gz,690d29e4562a657677b2c5d8dc01ee85,1173080,200000,210938,83521,621876,502236,1,2.418
industrial/SAT-Challenge-2012/SATChallenge2012_Application/satRaceUnselected/manolios/cnf/c10bi.cnf.gz,a3224c7545811cb0dda83f00d9ce6ad7,437224,200000,140658,6458,481316,466371,1,1.161
industrial/SAT-Challenge-2012/SATChallenge2012_Application/satRaceUnselected/manolios/cnf/c10bid.cnf.gz,ffb729c1f73a82789f3122ec0892c163,868039,200000,216386,75526,632772,466867,1,1.952
industrial/SAT-Challenge-2012/SATChallenge2012_Application/satRaceUnselected/manolios/cnf/c10bid_s.cnf.gz,4f6c12da41e2faddfda107ad9be5a66f,810217,200000,209158,63407,618316,466627,1,1.949
industrial/SAT-Challenge-2012/SATChallenge2012_Application/satRaceUnselected/manolios/cnf/c10bidw_i.cnf.gz,50c7a3ce9700255789d1e9e13a7e8543,789352,200000,206785,58709,613570,467218,1,1.765
industrial/SAT-Challenge-2012/SATChallenge2012_Application/satRaceUnselected/manolios/cnf/c10bidw_s.cnf.gz,24c24a0c32a51ffcbc027ea07f8a086f,826531,200000,211498,66536,622996,466246,1,1.872
industrial/SAT-Challenge-2012/SATChallenge2012_Application/satRaceUnselected/manolios/cnf/c10i_i.cnf.gz,1bda13dc3f81e34d66e3987011d23edf,272509,200000,91570,131,383140,466663,1,0.87
industrial/SAT-Challenge-2012/SATChallenge2012_Application/satRaceUnselected/manolios/cnf/c10id.cnf.gz,945ed484e239cf2fe75d63ea5c637972,625642,200000,181483,29160,562966,466464,1,1.505
industrial/SAT-Challenge-2012/SATChallenge2012_Application/satRaceUnselected/manolios/cnf/c10idw.cnf.gz,ee0533684e861c8ae5e9dab111405e7d,634255,200000,183165,30377,566330,466740,1,1.539
industrial/SAT-Challenge-2012/SATChallenge2012_Application/satRaceUnselected/manolios/cnf/c10n.cnf.gz,9d73ad6f2f61eb0dd300296a497565a4,217921,200000,73162,1,346324,466628,1,0.761
industrial/SAT-Challenge-2012/SATChallenge2012_Application/satRaceUnselected/manolios/cnf/c10ni.cnf.gz,88dfca45a003b7de9ba8d5672ce32109,749569,200000,200555,51074,601110,466706,1,1.78
industrial/SAT-Challenge-2012/SATChallenge2012_Application/satRaceUnselected/manolios/cnf/c10ni_i.cnf.gz,1a54d40df8c785978f943b19a073f498,381466,200000,125355,2922,450710,466578,1,1.073
industrial/SAT-Challenge-2012/SATChallenge2012_Application/satRaceUnselected/manolios/cnf/c10nid_s.cnf.gz,64ed8925c19e8802d5cd4d04047020ec,1184422,200000,245017,152717,690034,466731,1,2.548
industrial/SAT-Challenge-2012/SATChallenge2012_Application/satRaceUnselected/manolios/cnf/c10nidw_i.cnf.gz,e9208e0d4e5d4e53c77bedc34a0d4b69,762961,200000,203146,53427,606292,466673,1,1.825
industrial/SAT-Challenge-2012/SATChallenge2012_Application/satRaceUnselected/manolios/cnf/c6bi.cnf.gz,4dda41bfcc4b60b935bd4408c41b3b3e,171415,171415,58031,0,287477,399967,0,0.592
industrial/SAT-Challenge-2012/SATChallenge2012_Application/satRaceUnselected/manolios/cnf/c6bi_i.cnf.gz,08a25022c4136f2ceb36db62ce3503bb,142204,142204,48142,0,238488,331808,0,0.512
industrial/SAT-Challenge-2012/SATChallenge2012_Application/satRaceUnselected/manolios/cnf/c6bid.cnf.gz,89155fcd27d2b2e9a953ef2dd1aa7995,323401,200000,108549,827,417098,466629,1,0.944
industrial/SAT-Challenge-2012/SATChallenge2012_Application/satRaceUnselected/manolios/cnf/c6bid_i.cnf.gz,3dbff7f9da381e31bfa0997a3c6514e1,267214,200000,90324,83,380648,466676,1,0.853
industrial/SAT-Challenge-2012/SATChallenge2012_Application/satRaceUnselected/manolios/cnf/c6bidw.cnf.gz,aea2f33b3803390401a42b63845ccb12,324319,200000,108809,901,417618,466727,1,0.973
industrial/SAT-Challenge-2012/SATChallenge2012_Application/satRaceUnselected/manolios/cnf/c6ni_i.cnf.gz,ed1b90df3629a3bba4146575258850f0,137860,137860,46678,0,231216,321672,0,0.477
industrial/SAT-Challenge-2012/SATChallenge2012_Application/satRaceUnselected/manolios/cnf/c6nid.cnf.gz,8ec9d61ad04546049223cec855673b56,481468,200000,152020,10403,504040,466625,1,1.331
industrial/SAT-Challenge-2012/SATChallenge2012_Application/satRaceUnselected/manolios/cnf/c7nidw_i.cnf.gz,4554ae1c42bcc6af4f6ffa463f1bf4b6,389866,200000,128126,3526,456252,466469,1,1.098
industrial/SAT-Challenge-2012/SATChallenge2012_Application/satRaceUnselected/manolios/cnf/c8bidw.cnf.gz,1226ff1c8dc34360b183aa2fe75b0ef7,555475,200000,168200,19026,536400,466794,1,1.402
industrial/SAT-Challenge-2012/SATChallenge2012_Application/satRaceUnselected/manolios/cnf/c8nidw_i.cnf.gz,8194678c6294b563e5525d01ddae04a4,510277,200000,158495,13479,516990,466765,1,1.357
industrial/SAT-Challenge-2012/SATChallenge2012_Application/satRaceUnselected/manolios/cnf/c8nidw_s.cnf.gz,4bd4352faccec2f413b32098b444de5f,762085,200000,202886,53499,605772,466610,1,1.768
industrial/SAT-Challenge-2012/SATChallenge2012_Application/satRaceUnselected/manolios/cnf/c9bidw_i.cnf.gz,2c11a54b97218c0c939a626245bba86a,638047,200000,183810,30985,567620,466656,1,1.521
industrial/SAT-Challenge-2012/SATChallenge2012_Application/satRaceUnselected/manolios/cnf/c9idw_i.cnf.gz,266eb88975be72196f5bc82f371464c1,464107,200000,147682,8828,495364,466596,1,1.227
industrial/SAT-Challenge-2012/SATChallenge2012_Application/satRaceUnselected/manolios/cnf/c9nidw.cnf.gz,0e5473ee6c2085b34c798f23fbebc08e,1083730,200000,237502,126530,675004,466720,1,2.366
industrial/SAT-Challenge-2012/SATChallenge2012_Application/satRaceUnselected/manolios/cnf/c9nidw_s.cnf.gz,e4422d46c5c4584ad9b59d5c385d5fcb,1007659,200000,230454,108149,660908,466685,1,2.187
industrial/SAT-Challenge-2012/SATChallenge2012_Application/satRaceUnselected/manolios/cnf/f10bi.cnf.gz,15190f252ac286e5d8c479ce342272f3,1107583,200000,239328,131921,678656,466920,1,2.394
industrial/SAT-Challenge-2012/SATChallenge2012_Application/satRaceUnselected/manolios/cnf/f10bid.cnf.gz,5f58c0cdbfd5245f26126d071c0a6c0d,2075374,200000,288411,407422,776822,466752,1,4.279
industrial/SAT-Challenge-2012/SATChallenge2012_Application/satRaceUnselected/manolios/cnf/f10bidw.cnf.gz,bf5f36b36966dedee5318881c93ad679,2460805,200000,298936,525697,797872,466858,1,4.786
industrial/SAT-Challenge-2012/SATChallenge2012_Application/satRaceUnselected/manolios/cnf/f10i.cnf.gz,6491e4e5273093b0d3c46e7f3a8cb5f6,876820,200000,216546,77316,633092,466831,1,1.975
industrial/SAT-Challenge-2012/SATChallenge2012_Application/satRaceUnselected/manolios/cnf/f10id.cnf.gz,9e00c92405a069aa55e2ebe4262eca9e,1730704,200000,275101,305254,750202,466663,1,3.585
industrial/SAT-Challenge-2012/SATChallenge2012_Application/satRaceUnselected/manolios/cnf/f10n.cnf.gz,1c75c324c67bd3d1017b9445047fac73,763861,200000,202355,53425,604710,466791,1,1.771
industrial/SAT-Challenge-2012/SATChallenge2012_Application/satRaceUnselected/manolios/cnf/f10nidw.cnf.gz,c185a1c39e6f37b8c37a9d981699b6d8,2459566,200000,299013,525197,798026,466732,1,4.948
industrial/SAT-Challenge-2012/SATChallenge2012_Application/satRaceUnselected/manolios/cnf/f6bidw.cnf.gz,4165a3f519e2381da2f25f43cd325d3f,566854,200000,170489,20612,540978,466706,1,1.75
industrial/SAT-Challenge-2012/SATChallenge2012_Application/satRaceUnselected/manolios/cnf/f6nidw.cnf.gz,9fb9108b6d453f9f207af7f8e7e7ee86,564775,200000,170033,20366,540066,466654,1,1.538
industrial/SAT-Challenge-2012/SATChallenge2012_Application/satRaceUnselected/manolios/cnf/f8b.cnf.gz,d843b14caaa21940a8fc3033ca013437,362392,200000,119564,2081,439128,466506,1,1.016
industrial/SAT-Challenge-2012/SATChallenge2012_Application/satRaceUnselected/manolios/cnf/f8bidw.cnf.gz,01243b47967a3d012ea22e993355c833,1264597,200000,251492,173112,702984,466849,1,2.738
industrial/SAT-Challenge-2012/SATChallenge2012_Application/satRaceUnselected/manolios/cnf/f8idw.cnf.gz,6620edff4693c155a76e3cfa33c51367,1173229,200000,244242,149477,688484,466948,1,2.585
industrial/SAT-Challenge-2012/SATChallenge2012_Application/satRaceUnselected/manolios/cnf/f8n.cnf.gz,cfa562765bd1a658788f599fc9f6d84d,361954,200000,119422,2077,438844,466545,1,1.032
industrial/SAT-Challenge-2012/SATChallenge2012_Application/satRaceUnselected/manolios/cnf/f8nidw.cnf.gz,216649d54f3531537c6b01227b992b5e,1263184,200000,251133,172991,702266,466807,1,2.675
industrial/SAT-Challenge-2012/SATChallenge2012_Application/satRaceUnselected/manolios/cnf/f9.cnf.gz,5a6be86a20c576495efdd64d3b7606e9,429973,200000,138164,5881,476328,466623,1,1.144
industrial/SAT-Challenge-2012/SATChallenge2012_Application/satRaceUnselected/manolios/cnf/f9bidw.cnf.gz,48392b808e8c0cd2a01ec1d2c6fad5dc,1872955,200000,281679,346500,763358,466533,1,3.739
industrial/SAT-Challenge-2012/SATChallenge2012_Application/satRaceUnselected/manolios/cnf/f9idw.cnf.gz,34fa0922e66aee3b6f6ffe1760f459d4,1570021,200000,269020,257631,738040,466455,1,3.149
industrial/SAT-Challenge-2012/SATChallenge2012_Application/satRaceUnselected/manolios/cnf/f9nidw.cnf.gz,85b41a5f1ebc94d760209690103aa56c,1869100,200000,281461,345423,762922,466445,1,3.704
industrial/SAT-Challenge-2012/SATChallenge2012_Application/satRaceUnselected/manolios/cnf/g10bi.cnf.gz,890316e3bfcc9b33c72327094f974ff8,405304,200000,132238,4307,464476,466417,1,1.139
industrial/SAT-Challenge-2012/SATChallenge2012_Application/satRaceUnselected/manolios/cnf/g10bid.cnf.gz,51172e425fec0dbe626ef3011e4fa1f3,657313,200000,187158,34262,574316,466532,1,1.69
industrial/SAT-Challenge-2012/SATChallenge2012_Application/satRaceUnselected/manolios/cnf/g10nidw.cnf.gz,fec81a0409cbdc164aa5681d27d6c3f8,694321,200000,193031,40821,586062,466539,1,1.616
industrial/SAT-Challenge-2012/SATChallenge2012_Application/satRaceUnselected/manolios/cnf/g9nidw.cnf.gz,be427c40fe3924f7c5cbeea176b539be,506584,200000,157698,13220,515396,466635,1,1.265
industrial/SAT-Challenge-2012/SATChallenge2012_Application/satRaceUnselected/mironov-zhang/md5_47_1.cnf.gz,bea1976472159505f6a9a2d852e2a245,273512,200000,65539,65,331078,595616,1,0.92
industrial/SAT-Challenge-2012/SATChallenge2012_Application/satRaceUnselected/mironov-zhang/md5_47_2.cnf.gz,3a91b8d3c14cd5415b5e2d1f5be13890,273504,200000,65554,50,331108,595754,1,0.908
industrial/SAT-Challenge-2012/SATChallenge2012_Application/satRaceUnselected/mironov-zhang/md5_48_4.cnf.gz,385096bd9f872ea54ec99c802c8b557b,279242,200000,66829,63,333658,596223,1,0.935
industrial/SAT-Challenge-2012/SATChallenge2012_Application/satRaceUnselected/velev/pipe_unsat_1.0/12pipe_k.cnf.gz,9e16ae667bb49240f6209492c7f4038e,8395649,200000,81093,34822,362186,599137,1,14.211
industrial/SAT-Challenge-2012/SATChallenge2012_Application/satRaceUnselected/velev/pipe_unsat_1.0/13pipe_k.cnf.gz,772102b16ea3acaf7b516714b146b6ca,12295313,200000,93612,54014,387224,597265,1,20.436
industrial/SAT-Challenge-2012/SATChallenge2012_Application/satRaceUnselected/velev/pipe_unsat_1.0/6pipe_k.cnf.gz,e263da0d376e1eea55db124c81659a08,408792,200000,15313,33,230626,589434,1,1.093
industrial/SAT-Challenge-2012/SATChallenge2012_Application/satRaceUnselected/velev/pipe_unsat_1.0/9pipe_k.cnf.gz,0acbab472c9386683c07f7a3ec214be3,2317839,200000,43638,5474,287276,593495,1,4.223
industrial/SAT-Challenge-2012/SATChallenge2012_Application/satRaceUnselected/velev/pipe_unsat_1.1/7pipe_q0_k.cnf.gz,6410d8955fd40da142f90525a81fd3a3,536414,200000,25690,822,251380,590923,1,1.347
industrial/SAT-Challenge-2012/SATChallenge2012_Application/satRaceUnselected/velev/pipe_unsat_1.1/8pipe_q0_k.cnf.gz,2ca82d36bf188d2078831a1e82e9aac0,887706,200000,35420,4014,270840,589831,1,1.989
industrial/SAT-Challenge-2012/SATChallenge2012_Application/satRaceUnselected/velev/pipe_unsat_1.1/9pipe_q0_k.cnf.gz,11d707af1f8831a041a036f1aa3c8d2c,1468197,200000,45279,10717,290558,592713,1,3.003
industrial/SAT-Challenge-2012/SATCompetition2007/industrial/velev/SAT4.0/9vliw_m_9stages_iq3_C1_bug2.cnf.gz,17101a56ae0a5e77b17589fadedd685c,13378532,200000,174352,346806,548704,590858,1,23.777
industrial/SAT-Challenge-2012/SATCompetition2009/application/SAT09/APPLICATIONS/diagnosis/ACG-15-10p1.cnf.gz,1a3400dc32a3859afb20566a4ded9606,1155731,200000,207728,60530,615456,468447,1,2.623
industrial/SAT-Challenge-2012/SATCompetition2011/application/SAT02/industrial/aloul/Homer/homer14.shuffled.cnf.gz,dffcb4c4b6048e2843c76048d6efa2e0,2130,2130,300,0,2730,4500,0,0.008
industrial/SAT-Challenge-2012/SATCompetition2011/application/SAT02/industrial/aloul/Homer/homer16.shuffled.cnf.gz,efed5fc1cfe3f6c3627711513330aa77,1476,1476,264,0,2004,3168,0,0.006
industrial/SAT-Challenge-2012/SATCompetition2011/application/SAT02/industrial/aloul/Homer/homer17.shuffled.cnf.gz,7a700945b9efe7d98a64e6d5da3c1aa7,1742,1742,286,0,2314,3718,0,0.007
industrial/SAT-Challenge-2012/SATCompetition2011/application/SAT02/industrial/goldberg/rand_net/rand_net60-40-10.shuffled.cnf.gz,82f505a08b971644a73ed738129e84cf,14281,14281,4800,0,23881,33540,0,0.06
industrial/SAT-Challenge-2012/SATCompetition2011/application/SAT02/industrial/goldberg/rand_net/rand_net70-60-10.shuffled.cnf.gz,a3c3c6f35337fc59da962bc2db7487a8,25061,25061,8400,0,41861,58730,0,0.105
industrial/SAT-Challenge-2012/SATCompetition2011/application/SAT03/industrial/goldberg/hard_eq_check/x1mul.miter.shuffled-as.sat03-359.cnf.gz,83628f8fe950fde6e67a24f9eb18c884,55571,55571,8756,4,73083,187746,0,0.29
industrial/SAT-Challenge-2012/SATCompetition2011/application/SAT05/industrial/narain05/vpn/clauses-8.renamed-as.sat05-1964.cnf.gz,02cfa5a71b5c89a1b10b5f5a5221ed05,5687554,200000,306722,1155050,813444,497505,1,10.719
industrial/SAT-Challenge-2012/SATCompetition2011/application/SAT07/industrial/vliw_sat_4.0/9vliw_m_9stages_iq3_C1_bug6.cnf.gz,c2627db39088b1bf179a8bf648966933,13378781,200000,168631,352561,537262,581969,1,23.688
industrial/SAT-Challenge-2012/SATCompetition2011/application/SAT09/APPLICATIONS/diagnosis/ACG-10-10p0.cnf.gz,f51929b8b39a97fdcb547d8ca93aa947,675624,200000,142481,12626,484962,464647,1,1.513
industrial/SAT-Challenge-2012/SATCompetition2011/application/SAT09/APPLICATIONS/diagnosis/ACG-15-5p1.cnf.gz,a858db4fd8a081befea6246788912941,943377,200000,183474,35516,566948,467967,1,2.201
industrial/SAT-Challenge-2012/SATCompetition2011/application/SAT09/APPLICATIONS/diagnosis/UR-10-10p1.cnf.gz,b9c55a7056a36846d95d12acded393b6,635871,200000,122021,9207,444042,470846,1,1.446
industrial/SAT-Challenge-2012/SATCompetition2011/application/SAT_RACE06/ibm-2002-21r-k95.cnf.gz,d5c2475db530c5097804117fb1c5b211,788339,200000,159516,32006,519032,502985,1,1.859
industrial/SAT-Challenge-2012/SATCompetition2011/application/SAT_RACE06/velev-pipe-sat-1.0-b9.cnf.gz,ea495d82a8bbe73de090922eabff72d1,8780591,200000,83394,34644,366788,603206,1,15.234
industrial/SAT-Challenge-2012/SC2012_Application_Debugged/satrace-unselected/ibm/2002/31_1_rule_3/SAT_dat.k100.debugged.cnf.gz,15749785b7435c5c3aa4d99022a90aed,670701,200000,134373,16087,468746,506766,1,1.748
industrial/SAT-Challenge-2012/SC2012_Application_Debugged/satrace-unselected/ibm/2004/1_31_1/IBM_FV_2004_rule_batch_1_31_1_SAT_dat.k90.debugged.cnf.gz,dcfdf31943b65080a2e4b8ec46a89c7d,502392,200000,114993,5651,429986,504355,1,1.254
industrial/SAT-Challenge-2012/SC2012_Application_Debugged/satrace-unselected/ibm/2004/1_31_2/IBM_FV_2004_rule_batch_1_31_2_SAT_dat.k65.debugged.cnf.gz,d0fbcf1422c83f0966d9b94b55f96f41,356432,200000,84483,962,368966,504376,1,1.008
industrial/SAT-Challenge-2012/SC2012_Application_Debugged/satrace-unselected/ibm/2004/1_31_2/IBM_FV_2004_rule_batch_1_31_2_SAT_dat.k95.debugged.cnf.gz,86baeee562934b47e2df25a53842d612,526652,200000,119221,6964,438442,505140,1,1.299
industrial/SAT-Challenge-2012/SC2012_Application_Debugged/satrace-unselected/ibm/2004/2_31_1/IBM_FV_2004_rule_batch_2_31_1_SAT_dat.k35.debugged.cnf.gz,6c9867fffe4b139ba18ffffabd717b16,189169,189169,45625,0,280419,475107,0,0.65
industrial/SAT-Challenge-2012/SC2012_Application_Debugged/satrace-unselected/ibm/2004/2_31_1/IBM_FV_2004_rule_batch_2_31_1_SAT_dat.k80.debugged.cnf.gz,2eb4cba952052c88a56e7cb42bbd2d8d,445444,200000,103826,3179,407652,504123,1,1.15
industrial/SAT-Challenge-2012/SC2012_Application_Debugged/satrace-unselected/ibm/2004/2_31_2/IBM_FV_2004_rule_batch_2_31_2_SAT_dat.k25.debugged.cnf.gz,57a969c041af76b162f40f881132006b,133932,133932,32454,0,198840,335485,0,0.47
industrial/SAT-Challenge-2012/SC2012_Application_Debugged/satrace-unselected/ibm/2004/2_31_2/IBM_FV_2004_rule_batch_2_31_2_SAT_dat.k45.debugged.cnf.gz,b78a6ca34fcaac8e12d168c3ca40afd7,247992,200000,59750,44,319500,502762,1,0.833
industrial/SAT-Challenge-2012/SC2012_Application_Debugged/satrace-unselected/ibm/2004/3_31_1/IBM_FV_2004_rule_batch_3_31_1_SAT_dat.k35.debugged.cnf.gz,5c91b67af89d56157af810dc552d3b59,189169,189169,45625,0,280419,475107,0,0.668
industrial/SAT-Challenge-2012/SC2012_Application_Debugged/satrace-unselected/softveri/cbmc/aes_decry_2_rounds.debugged.cnf.gz,036b541db9d0839b0591d408ff4f77ae,1607567,200000,176943,102177,553886,538705,1,3.28
industrial/SAT-Challenge-2012/SC2012_Application_Debugged/satrace-unselected/softveri/cbmc/aes_equiv_encry_2_rounds.debugged.cnf.gz,8f967d0165ecb9a7b07af4d168fb7f5a,1575975,200000,173139,95285,546278,537109,1,3.255
industrial/SAT-Challenge-2012/SC2012_Application_Debugged/satrace-unselected/softveri/cbmc/aes_equiv_encry_3_rounds.debugged.cnf.gz,30e8b47741a4104c01eeea1d00bbce9e,2928183,200000,222627,278656,645254,537072,1,6.104
industrial/SAT-Challenge-2012/satrace2008/een-tip-sat-nusmv-t5.B.cnf.gz,f52204f531ad0bebeed1ea6fcaaa39d2,178699,178699,61933,0,302565,432170,0,0.644
industrial/SAT-Challenge-2012/satrace2008/ibm-2002-18r-k90.cnf.gz,f5ddbd7c705fa54405d05ce12608fedb,721623,200000,150096,25120,500192,502922,1,1.871
industrial/SAT-Challenge-2012/satrace2008/marijn-philips.cnf.gz,62060247cd0ad566a828c30571c2c774,4456,4456,1391,2250,7238,11309,0,0.02
industrial/SAT-Challenge-2012/satrace2008/post-cbmc-aes-ee-r2.cnf.gz,5553fec254b32349e0e48c7ee1e2d6c7,1575975,200000,173139,95284,546278,537109,1,3.239
industrial/SAT-Challenge-2012/satrace2008/post-cbmc-aes-ee-r3.cnf.gz,b14005431aa169993295c6d02c8aee21,2928183,200000,222627,278656,645254,537072,1,5.739
industrial/SAT-Challenge-2012/satrace2008/velev-npe-1.0-9dlx-b71.cnf.gz,021686368317a35103f1f671f783d958,14582074,200000,194059,695243,588118,575870,1,26.03
industrial/SAT-Comp-2003-CNF/goldberg/hard_eq_check/C880mul.miter.shuffled-as.sat03-348.cnf.gz,7c7bf097f80d226d14095a56c13e5bb1,9373,9373,1612,0,12597,31572,0,0.046
industrial/SAT-Comp-2003-CNF/goldberg/hard_eq_check/alu4mul.miter.shuffled-as.sat03-344.cnf.gz,8548d14008d78a71b03edef8adf51db7,30465,30465,4736,0,39937,103040,0,0.197
industrial/SAT-Comp-2003-CNF/goldberg/hard_eq_check/c3540mul.miter.shuffled-as.sat03-345.cnf.gz,1e1667279af339045c52218ac807c245,33199,33199,5248,0,43695,112244,0,0.17
industrial/SAT-Comp-2003-CNF/goldberg/hard_eq_check/c6288mul.miter.shuffled-as.sat03-346.cnf.gz,8f5cedd2ef26c44e873474640b66abb2,61421,61421,9540,0,80501,207840,0,0.322
industrial/SAT-Comp-2003-CNF/goldberg/hard_eq_check/c7552mul.miter.shuffled-as.sat03-347.cnf.gz,bd4029974222c7876aba4d12d20fc41e,69529,69529,11282,0,92093,234758,0,0.379
industrial/SAT-Comp-2003-CNF/goldberg/hard_eq_check/dalumul.miter.shuffled-as.sat03-349.cnf.gz,368939174c293be56ed64756b17b6c9a,59991,59991,9426,0,78843,202888,0,0.405
industrial/SAT-Comp-2003-CNF/goldberg/hard_eq_check/desmul.miter.shuffled-as.sat03-350.cnf.gz,4fdb8f0242acf7f0c38a400b8326cb33,179895,179895,28902,0,237699,606506,0,0.963
industrial/SAT-Comp-2003-CNF/goldberg/hard_eq_check/frg1mul.miter.shuffled-as.sat03-351.cnf.gz,2cf0b2b42bb4e0ebdf410478d028d57a,20575,20575,3230,0,27035,69606,0,0.102
industrial/SAT-Comp-2003-CNF/goldberg/hard_eq_check/frg2mul.miter.shuffled-as.sat03-352.cnf.gz,bf35ce0ecec01f25ff9de6174e7277a5,62943,62943,10314,2,83571,211942,0,0.329
industrial/SAT-Comp-2003-CNF/goldberg/hard_eq_check/i10mul.miter.shuffled-as.sat03-353.cnf.gz,8a91cfa85a65d06bc923a32bf130636c,77941,77941,12998,0,103937,262272,0,0.432
industrial/SAT-Comp-2003-CNF/goldberg/hard_eq_check/i8mul.miter.shuffled-as.sat03-354.cnf.gz,c5a52d7a1eee43581f7b320b95554d3c,91139,91139,14524,0,120187,307682,0,0.473
industrial/SAT-Comp-2003-CNF/goldberg/hard_eq_check/k2mul.miter.shuffled-as.sat03-355.cnf.gz,2b45c27e40b561b2ace9768e5a45010c,74581,74581,11680,0,97941,252050,0,0.396
industrial/SAT-Comp-2003-CNF/goldberg/hard_eq_check/rotmul.miter.shuffled-as.sat03-356.cnf.gz,30c26154809e48143f2f4328c9736578,35229,35229,5968,12,47165,118346,0,0.176
industrial/SAT-Comp-2003-CNF/goldberg/hard_eq_check/term1mul.miter.shuffled-as.sat03-357.cnf.gz,15fd8d06de40488c0ab4c167785111a6,22229,22229,3504,0,29237,75188,0,0.106
industrial/SAT-Comp-2003-CNF/goldberg/hard_eq_check/vdamul.miter.shuffled-as.sat03-358.cnf.gz,853031a6aece919daca2c509546e5d81,34509,34509,5444,0,45397,116470,0,0.17
industrial/SAT-Comp-2003-CNF/kukula/addm_bench/am_4_4.shuffled-as.sat03-360.cnf.gz,9c8430677e4412a76fb4639d74ddae03,1458,1458,433,0,2324,3954,0,0.008
industrial/SAT-Comp-2003-CNF/kukula/addm_bench/am_5_5.shuffled-as.sat03-361.cnf.gz,f6a4f5af42d97ff566d6e8bcd5b48185,3677,3677,1076,0,5829,9977,0,0.015
industrial/SAT-Comp-2003-CNF/kukula/addm_bench/am_6_6.shuffled-as.sat03-362.cnf.gz,a5708a663e52afedd017f0d643d7ef47,7814,7814,2269,0,12352,21206,0,0.032
industrial/SAT-Comp-2003-CNF/kukula/addm_bench/am_8_8.shuffled-as.sat03-364.cnf.gz,82dad68d390b9aecf66a55d4b37e77c8,25538,25538,7361,0,40260,69314,0,0.113
industrial/SAT-Comp-2003-CNF/kukula/addm_bench/am_9_9.shuffled-as.sat03-365.cnf.gz,70af306332433c08025e3628ef18f679,41393,41393,11908,0,65209,112349,0,0.187
industrial/SAT-Comp-2003-CNF/li/li-exam/li-exam-62.shuffled-as.sat03-367.cnf.gz,a0ca6c4ac5d07acdbd27f08953669820,108436,108436,28147,0,164730,373110,0,0.591
industrial/SAT-Comp-2003-CNF/li/li-exam/li-exam-63.shuffled-as.sat03-368.cnf.gz,b921114a5e7c70c5114e994a324ad2b1,108436,108436,28147,0,164730,373110,0,0.589
industrial/SAT-Comp-2003-CNF/li/li-exam/li-exam-64.shuffled-as.sat03-369.cnf.gz,c9f1d2dfd7cad692eff3a1de1e9d7348,108436,108436,28147,0,164730,373110,0,0.589
industrial/SAT-Comp-2003-CNF/li/li-test4/li-test4-100.shuffled-as.sat03-370.cnf.gz,a5780e7fec4c036fe02a0d3f87feda5a,142491,142491,36809,0,216109,559708,0,0.888
industrial/SAT-Comp-2003-CNF/li/li-test4/li-test4-101.shuffled-as.sat03-371.cnf.gz,7e71fbaab663fe2c4b3d4ccfa0054081,142491,142491,36809,0,216109,559708,0,0.862
industrial/SAT-Comp-2003-CNF/li/li-test4/li-test4-94.shuffled-as.sat03-372.cnf.gz,32269e2fb22cc63aa7a52b1703bde3e4,142491,142491,36809,0,216109,559708,0,0.888
industrial/SAT-Comp-2003-CNF/li/li-test4/li-test4-95.shuffled-as.sat03-373.cnf.gz,89ce45d2cb5d9f2796e6b9358eaa7ded,142491,142491,36809,0,216109,559708,0,1.128
industrial/SAT-Comp-2003-CNF/li/li-test4/li-test4-96.shuffled-as.sat03-374.cnf.gz,a9724222db137e54de4a8d8d531cef47,142491,142491,36809,0,216109,559708,0,0.902
industrial/SAT-Comp-2003-CNF/li/li-test4/li-test4-97.shuffled-as.sat03-375.cnf.gz,033743e540b7f6e2114a3e6981558795,142491,142491,36809,0,216109,559708,0,0.878
industrial/SAT-Comp-2003-CNF/li/li-test4/li-test4-98.shuffled-as.sat03-376.cnf.gz,93d4157c3aeb7caa088270bf3d670e3e,142491,142491,36809,0,216109,559708,0,0.912
industrial/SAT-Comp-2003-CNF/li/li-test4/li-test4-99.shuffled-as.sat03-377.cnf.gz,fdc6e0a33fda7dac7bbd97e1606084b4,142491,142491,36809,0,216109,559708,0,0.92
industrial/SAT-Comp-2003-CNF/maris/CNF/ferry10.shuffled-as.sat03-378.cnf.gz,13a72d8a4bb5a6414fdc8ae989fee92d,20791,20791,2958,0,26707,46375,0,0.079
industrial/SAT-Comp-2003-CNF/maris/CNF/ferry10u.shuffled-as.sat03-379.cnf.gz,b41e7f58fd162f01ccb9ebede4e74f03,20259,20259,2883,0,26025,45187,0,0.077
industrial/SAT-Comp-2003-CNF/maris/CNF/ferry11.shuffled-as.sat03-380.cnf.gz,ce9d0b1d7f0a92b9fee43fc0e0106fef,26105,26105,3562,0,33229,58011,0,0.098
industrial/SAT-Comp-2003-CNF/maris/CNF/ferry11u.shuffled-as.sat03-381.cnf.gz,c8821b3db9c48a6e2d84c8d9f0f32645,25499,25499,3480,0,32459,56663,0,0.097
industrial/SAT-Comp-2003-CNF/maris/CNF/ferry12.shuffled-as.sat03-382.cnf.gz,6143a370e17495274ed72b4ad1a3d8bf,32199,32199,4222,0,40643,71303,0,0.123
industrial/SAT-Comp-2003-CNF/maris/CNF/ferry12u.shuffled-as.sat03-383.cnf.gz,a2fb13561dbe3b931305df00e84db0da,31515,31515,4133,0,39781,69787,0,0.126
industrial/SAT-Comp-2003-CNF/maris/CNF/ferry8.shuffled-as.sat03-384.cnf.gz,a41059478281d163424278c3e9720444,12311,12311,1918,0,16147,27687,0,0.046
industrial/SAT-Comp-2003-CNF/maris/CNF/ferry8u.shuffled-as.sat03-385.cnf.gz,d73873b44da21fa1f46de63bfe5a82cc,11915,11915,1857,0,15629,26795,0,0.044
industrial/SAT-Comp-2003-CNF/maris/CNF/ferry9.shuffled-as.sat03-386.cnf.gz,24706f6663f0524f28b62e0c8b6abf1e,16209,16209,2410,0,21029,36299,0,0.059
industrial/SAT-Comp-2003-CNF/maris/CNF/ferry9u.shuffled-as.sat03-387.cnf.gz,ce98b37388caf28a782a9877633e271c,15747,15747,2342,0,20431,35263,0,0.059
industrial/SAT-Comp-2003-CNF/maris/CNF/gripper10.shuffled-as.sat03-388.cnf.gz,1874a7dc05a2c2bbb28241515ea32323,19700,19700,2438,0,24576,43982,0,0.073
industrial/SAT-Comp-2003-CNF/maris/CNF/gripper10u.shuffled-as.sat03-389.cnf.gz,73fe0cc21e163a0289af83cdacf656d1,18666,18666,2312,0,23290,41670,0,0.068
industrial/SAT-Comp-2003-CNF/maris/CNF/gripper11.shuffled-as.sat03-390.cnf.gz,56be52d2a0580e3fb53f19429228e035,27199,27199,3222,0,33643,60503,0,0.1
industrial/SAT-Comp-2003-CNF/maris/CNF/gripper11u.shuffled-as.sat03-391.cnf.gz,4c6d65923c6ce0042f88b68763aaedeb,26019,26019,3084,0,32187,57875,0,0.096
industrial/SAT-Comp-2003-CNF/maris/CNF/gripper12.shuffled-as.sat03-392.cnf.gz,8400ada277966c37d0f406de1c999f21,30746,30746,3502,0,37750,68144,0,0.114
industrial/SAT-Comp-2003-CNF/maris/CNF/gripper12u.shuffled-as.sat03-393.cnf.gz,9c2f29599b7f105d5478735d244743f5,29412,29412,3352,0,36116,65184,0,0.108
industrial/SAT-Comp-2003-CNF/maris/CNF/gripper13.shuffled-as.sat03-394.cnf.gz,d82c4683d3f3bd345e48beb1ae0fdb22,40461,40461,4430,0,49321,89385,0,0.153
industrial/SAT-Comp-2003-CNF/maris/CNF/gripper13u.shuffled-as.sat03-395.cnf.gz,0afdeb9b0b98e31fa0e9271a6706d8fb,38965,38965,4268,0,47501,86077,0,0.15
industrial/SAT-Comp-2003-CNF/maris/CNF/gripper14.shuffled-as.sat03-396.cnf.gz,7bdac0436c2584aef34b26351f519c92,45056,45056,4758,0,54572,99218,0,0.172
industrial/SAT-Comp-2003-CNF/maris/CNF/gripper14u.shuffled-as.sat03-397.cnf.gz,169e8bcebaebcbb9ff2ba8233fea0dd3,43390,43390,4584,0,52558,95546,0,0.165
industrial/SAT-Comp-2003-CNF/maris/CNF/hanoi4.shuffled-as.sat03-398.cnf.gz,9a2b7e7439dfd80e17a4bf26124bd0e5,18058,18058,1404,0,20866,40168,0,0.066
industrial/SAT-Comp-2003-CNF/maris/CNF/hanoi4u.shuffled-as.sat03-399.cnf.gz,80b32ccb260456d060982044b5dbe2ae,16856,16856,1312,0,19480,37492,0,0.22
industrial/SAT-Comp-2003-CNF/maris/CNF/hanoi5.shuffled-as.sat03-400.cnf.gz,cfded6b843191489b90af6d44415a68f,76235,76235,4434,0,85103,166073,0,0.291
industrial/SAT-Comp-2003-CNF/maris/CNF/hanoi5u.shuffled-as.sat03-401.cnf.gz,589c28edb78dff1b711977fbaec34e18,73777,73777,4292,0,82361,160717,0,0.299
industrial/SAT-Comp-2003-CNF/schuppan/l2s/abp1-1-k31-unsat.shuffled-as.sat03-402.cnf.gz,463b43a115614c632f0afeb06cde58bb,48483,48483,14809,0,78101,123522,0,0.223
industrial/SAT-Comp-2003-CNF/schuppan/l2s/abp4-1-k31-unsat.shuffled-as.sat03-403.cnf.gz,bacfe7a21a0914e901bf0e88f1857951,48483,48483,14809,0,78101,123522,0,0.214
industrial/SAT-Comp-2003-CNF/schuppan/l2s/bc56-sensors-1-k391-unsat.shuffled-as.sat03-404.cnf.gz,63832094e6835a4c20194744d65e774f,1778987,200000,295597,265774,791194,512494,1,4.486
industrial/SAT-Comp-2003-CNF/schuppan/l2s/bc56-sensors-2-k592-unsat.shuffled-as.sat03-405.cnf.gz,ea8187e1493ecd72afbf0bcd96bb20b3,2694319,200000,338298,512100,876596,514021,1,6.592
industrial/SAT-Comp-2003-CNF/schuppan/l2s/bc57-sensors-1-k303-unsat.shuffled-as.sat03-406.cnf.gz,924b55dc15fe0b7ec55b2a80f17ef06d,1379987,200000,267981,167720,735962,513238,1,3.472
industrial/SAT-Comp-2003-CNF/schuppan/l2s/dme-03-1-k247-unsat.shuffled-as.sat03-407.cnf.gz,791be5d46fd412692e4048e37f5275fd,773077,200000,212376,48976,624752,514069,1,2.136
industrial/SAT-Comp-2003-CNF/schuppan/l2s/guidance-1-k56-unsat.shuffled-as.sat03-408.cnf.gz,9c2e721df8fabf9bbbae23910443ea4a,307346,200000,98350,396,396700,493095,1,1.305
industrial/SAT-Comp-2003-CNF/schuppan/l2s/motors-stuck-1-k407-unsat.shuffled-as.sat03-409.cnf.gz,292b739cc8060c7ade4203ad5ac8e96e,2068742,200000,311659,343107,823318,512230,1,5.622
industrial/SAT-Comp-2003-CNF/schuppan/l2s/motors-stuck-2-k314-unsat.shuffled-as.sat03-410.cnf.gz,4933e5fe7f76b1d6d04e482aa87e500a,1596837,200000,283524,222012,767048,510677,1,4.214
industrial/SAT-Comp-2003-CNF/schuppan/l2s/motors-stuck-2-k315-sat.shuffled-as.sat03-411.cnf.gz,cb9ae1af00a5f9330fcbaa5221496bd9,1601920,200000,284273,222872,768546,511614,1,4.251
industrial/SAT-Comp-2003-CNF/schuppan/l2s/valves-gates-1-k617-unsat.shuffled-as.sat03-412.cnf.gz,847df6bb7bd0a8fcedb57e012cfe0014,3113540,200000,350163,634879,900326,512174,1,7.711
industrial/SAT-Comp-2003-CNF/simon/sat02/6pipe.shuffled-as.sat03-414.cnf.gz,4ed475c253503412379dd873ec989806,394739,200000,15443,357,230886,587468,1,1.543
industrial/SAT-Comp-2003-CNF/simon/sat02/6pipe_6_ooo.shuffled-as.sat03-413.cnf.gz,386e2db4e4acc71a97cba0cefd0a7ac9,545612,200000,16874,190,233748,592653,1,1.832
industrial/SAT-Comp-2003-CNF/simon/sat02/7pipe.shuffled-as.sat03-415.cnf.gz,151f658131c8e7b7a46d3a27d281e161,751118,200000,23338,572,246676,589657,1,2.327
industrial/SAT-Comp-2003-CNF/simon/sat02/cnf-r4-b1-k1.1-comp.shuffled-as.sat03-416.cnf.gz,f4d8506de4b1e05e3583ab4cf6e173ca,14812,14812,2424,0,19660,39764,0,0.061
industrial/SAT-Comp-2003-CNF/simon/sat02/cnf-r4-b1-k1.2-comp.shuffled-as.sat03-417.cnf.gz,93a6dbd75b007534ec0c480052e8c479,14812,14812,2424,0,19660,39764,0,0.059
industrial/SAT-Comp-2003-CNF/simon/sat02/cnt10.shuffled-as.sat03-418.cnf.gz,163de421b5b9f3542987eba8d34ead83,68561,68561,20470,0,109501,187229,0,0.362
industrial/SAT-Comp-2003-CNF/simon/sat02/comb1.shuffled-as.sat03-419.cnf.gz,1d78afbcfe16181b64529441c33ad108,16804,16804,5910,0,28624,38654,0,0.069
industrial/SAT-Comp-2003-CNF/simon/sat02/comb2.shuffled-as.sat03-420.cnf.gz,b737ebed13fc665405af0d75ea34dd73,112462,112462,31933,0,176328,274030,0,0.493
industrial/SAT-Comp-2003-CNF/simon/sat02/comb3.shuffled-as.sat03-421.cnf.gz,aa5f3e873d17c2b3310a00624e7e9c94,16331,16331,4774,0,25879,39495,0,0.066
industrial/SAT-Comp-2003-CNF/simon/sat02/dp11u10.shuffled-as.sat03-422.cnf.gz,82b9ed32e7e708f06c57e9710ec1bb82,25271,25271,8513,684,42297,59561,0,0.119
industrial/SAT-Comp-2003-CNF/simon/sat02/dp12u11.shuffled-as.sat03-423.cnf.gz,19411327b5cd25df49f7b91c3f86dcf2,30792,30792,10369,768,51530,72531,0,0.131
industrial/SAT-Comp-2003-CNF/simon/sat02/f2clk_40.shuffled-as.sat03-424.cnf.gz,55c648ed1a8cde597f4ecc71ca0a1562,80439,80439,27568,0,135575,186255,0,0.347
industrial/SAT-Comp-2003-CNF/simon/sat02/f2clk_50.shuffled-as.sat03-425.cnf.gz,4e32e5d9f532872ebb6462c47c902a53,101319,101319,34678,0,170675,234655,0,0.439
industrial/SAT-Comp-2003-CNF/simon/sat02/fifo8_300.shuffled-as.sat03-426.cnf.gz,adc33af07f86a4675f11a3aea882c764,530713,200000,173341,21421,546682,452822,1,1.8
industrial/SAT-Comp-2003-CNF/simon/sat02/fifo8_400.shuffled-as.sat03-427.cnf.gz,f482eaf1592c28cc2a998468ef63ad40,707913,200000,208469,51293,616938,452742,1,2.251
industrial/SAT-Comp-2003-CNF/simon/sat02/homer17.shuffled-as.sat03-428.cnf.gz,9e921790c9c58070b4fbc5f641803330,1742,1742,286,0,2314,3718,0,0.008
industrial/SAT-Comp-2003-CNF/simon/sat02/homer18.shuffled-as.sat03-429.cnf.gz,add7defcd7c5883ec39145bfd25928ff,2030,2030,308,0,2646,4312,0,0.009
industrial/SAT-Comp-2003-CNF/simon/sat02/homer19.shuffled-as.sat03-430.cnf.gz,7e1fb570f752a868f78c14d5ad1c9a64,2340,2340,330,0,3000,4950,0,0.01
industrial/SAT-Comp-2003-CNF/simon/sat02/homer20.shuffled-as.sat03-431.cnf.gz,e583bb0eab4a17ede88179793ecc2bce,4220,4220,440,0,5100,8800,0,0.017
industrial/SAT-Comp-2003-CNF/simon/sat02/ip36.shuffled-as.sat03-432.cnf.gz,4b4ec37ea04aba42432fcfd34a51c397,153368,153368,47273,0,247914,366122,0,0.744
industrial/SAT-Comp-2003-CNF/simon/sat02/ip38.shuffled-as.sat03-433.cnf.gz,dbba2f3ca8c4be2ce341708e7bbc273b,162142,162142,49967,0,262076,387080,0,0.867
industrial/SAT-Comp-2003-CNF/simon/sat02/ip50.shuffled-as.sat03-434.cnf.gz,9df7f45363e2fd8186db17f3a951fccf,214786,200000,66077,54,332154,477555,1,1.052
industrial/SAT-Comp-2003-CNF/simon/sat02/k2fix_gr_2pin_w8.shuffled-as.sat03-437.cnf.gz,e6fe2018365ab935a50068bc4e8ab9ef,295998,200000,9874,8,219748,1167028,1,2.209
industrial/SAT-Comp-2003-CNF/simon/sat02/k2fix_gr_2pin_w9.shuffled-as.sat03-438.cnf.gz,0a3eb47ad5266860241a8ff5d37f62bd,345426,200000,13171,5,226342,1509772,1,3.073
industrial/SAT-Comp-2003-CNF/simon/sat02/k2fix_gr_2pinvar_w8.shuffled-as.sat03-435.cnf.gz,29eb30f1e03d112c000aed036a801e42,270136,200000,3768,3,207536,1200000,1,1.735
industrial/SAT-Comp-2003-CNF/simon/sat02/k2fix_gr_2pinvar_w9.shuffled-as.sat03-436.cnf.gz,67cce9b27e3effffde38cc9f19ce5d00,307674,200000,5027,1,210054,1585354,1,2.703
industrial/SAT-Comp-2003-CNF/simon/sat02/k2fix_gr_rcs_w8.shuffled-as.sat03-439.cnf.gz,db0c4c1ca6aa704c96ade4e9351f04ba,271393,200000,10046,10,220092,405544,1,0.894
industrial/SAT-Comp-2003-CNF/simon/sat02/sha1.shuffled-as.sat03-441.cnf.gz,cc97ddfbcc80285b9e77708633b0a194,255417,200000,61363,14,322726,602080,1,1.553
industrial/SAT-Comp-2003-CNF/simon/sat02/sha2.shuffled-as.sat03-442.cnf.gz,52881e63a4e9b9ae779887ac0c91a234,255417,200000,61359,18,322718,601869,1,1.354
industrial/SAT-Comp-2003-CNF/simon/sat02/w08_14.shuffled-as.sat03-443.cnf.gz,70e8c45626944c2178fb811cd0ac5527,425316,200000,116380,3987,432760,488190,1,1.346
industrial/SAT-Comp-2003-CNF/simon/sat02/w08_15.shuffled-as.sat03-444.cnf.gz,47c150d498542d8b2cbe0fc454148760,469519,200000,126241,6314,452482,489049,1,1.968
industrial/SAT-Comp-2004-CNF/goldberg03/hard_eq_check-shuffling-1/shuffling-1-s1513542704-of-bench-sat04-338.used-as.sat04-477.cnf.gz,16112e129150b076e1ed0ad9afd717af,55571,55571,8756,4,73083,187746,0,0.279
industrial/SAT-Comp-2004-CNF/goldberg03/hard_eq_check-shuffling-1/shuffling-1-s1521634232-of-bench-sat04-336.used-as.sat04-441.cnf.gz,ad7d0eea6c7f8c9f06cf56a14e01353d,35229,35229,5968,12,47165,118346,0,0.173
industrial/SAT-Comp-2004-CNF/goldberg03/hard_eq_check-shuffling-1/shuffling-1-s1581706011-of-bench-sat04-335.used-as.sat04-442.cnf.gz,6af76a37c7e56110033f65be7eb15417,74581,74581,11680,0,97941,252050,0,0.385
industrial/SAT-Comp-2004-CNF/goldberg03/hard_eq_check-shuffling-1/shuffling-1-s1735667200-of-bench-sat04-332.used-as.sat04-445.cnf.gz,137850d8a2886b3cdd1684b23384c9ad,62943,62943,10314,2,83571,211942,0,0.323
industrial/SAT-Comp-2004-CNF/goldberg03/hard_eq_check-shuffling-1/shuffling-1-s1783682068-of-bench-sat04-331.used-as.sat04-446.cnf.gz,235b63e79c79d5307a27a034454dbb0d,20575,20575,3230,0,27035,69606,0,0.099
industrial/SAT-Comp-2004-CNF/goldberg03/hard_eq_check-shuffling-1/shuffling-1-s1931574585-of-bench-sat04-328.used-as.sat04-449.cnf.gz,09df54b3d75b42dbd0020c6b60a68fc6,61421,61421,9540,0,80501,207840,0,0.317
industrial/SAT-Comp-2004-CNF/goldberg03/hard_eq_check-shuffling-1/shuffling-1-s2090118101-of-bench-sat04-327.used-as.sat04-450.cnf.gz,a06ee836c60e651e667361e641acc643,33199,33199,5248,0,43695,112244,0,0.169
industrial/SAT-Comp-2004-CNF/goldberg03/hard_eq_check-shuffling-1/shuffling-1-s2140855737-of-bench-sat04-333.used-as.sat04-444.cnf.gz,799818b008f5bfc1b9752d1df3ddbcca,77941,77941,12998,0,103937,262272,0,0.411
industrial/SAT-Comp-2004-CNF/goldberg03/hard_eq_check-shuffling-1/shuffling-1-s382583204-of-bench-sat04-337.used-as.sat04-440.cnf.gz,3067c64c195a00141cae08f283d27172,22229,22229,3504,0,29237,75188,0,0.112
industrial/SAT-Comp-2004-CNF/goldberg03/hard_eq_check-shuffling-1/shuffling-1-s464988151-of-bench-sat04-326.used-as.sat04-451.cnf.gz,2aacde7fde6528c036ea6a2d39ec57bf,30465,30465,4736,0,39937,103040,0,0.158
industrial/SAT-Comp-2004-CNF/goldberg03/hard_eq_check-shuffling-1/shuffling-1-s526006719-of-bench-sat04-330.used-as.sat04-447.cnf.gz,18dde1481ff149a919e00db6eb6cc609,179895,179895,28902,0,237699,606506,0,1.01
industrial/SAT-Comp-2004-CNF/goldberg03/hard_eq_check-shuffling-1/shuffling-1-s735218192-of-bench-sat04-329.used-as.sat04-448.cnf.gz,f9f936e5bb9f43fc9beedeba1a1c0308,59991,59991,9426,0,78843,202888,0,0.309
industrial/SAT-Comp-2004-CNF/goldberg03/hard_eq_check-shuffling-1/shuffling-1-s812375025-of-bench-sat04-334.used-as.sat04-443.cnf.gz,a49ff692a8aa306271a7cc4ea1c17647,91139,91139,14524,0,120187,307682,0,0.471
industrial/SAT-Comp-2004-CNF/goldberg03/hard_eq_check-shuffling-2/shuffling-2-s1182968979-of-bench-sat04-332.used-as.sat04-584.cnf.gz,3b8a337e506ebb2f6020083ebf329366,62943,62943,10314,2,83571,211942,0,0.319
industrial/SAT-Comp-2004-CNF/goldberg03/hard_eq_check-shuffling-2/shuffling-2-s146112674-of-bench-sat04-328.used-as.sat04-588.cnf.gz,a0bf68dcb41add6451f9c16f5573c080,61421,61421,9540,0,80501,207840,0,0.324
industrial/SAT-Comp-2004-CNF/goldberg03/hard_eq_check-shuffling-2/shuffling-2-s1672286451-of-bench-sat04-331.used-as.sat04-585.cnf.gz,c89b0bd74f1d727fe6c8b7221d402f3e,20575,20575,3230,0,27035,69606,0,0.099
industrial/SAT-Comp-2004-CNF/goldberg03/hard_eq_check-shuffling-2/shuffling-2-s1705735321-of-bench-sat04-336.used-as.sat04-580.cnf.gz,7310f9bbd57a85c7e808d237c8ac6d52,35229,35229,5968,12,47165,118346,0,0.174
industrial/SAT-Comp-2004-CNF/goldberg03/hard_eq_check-shuffling-2/shuffling-2-s1765005333-of-bench-sat04-326.used-as.sat04-590.cnf.gz,73bb8b6c8c2c4b495b70fb1f44616d3a,30465,30465,4736,0,39937,103040,0,0.151
industrial/SAT-Comp-2004-CNF/goldberg03/hard_eq_check-shuffling-2/shuffling-2-s177435489-of-bench-sat04-335.used-as.sat04-581.cnf.gz,f67a0e48ea55cd9ed949731008a6fdce,74581,74581,11680,0,97941,252050,0,0.433
industrial/SAT-Comp-2004-CNF/goldberg03/hard_eq_check-shuffling-2/shuffling-2-s1852960813-of-bench-sat04-330.used-as.sat04-586.cnf.gz,848a17c74b50dbf7fb792e6be2f176ca,179895,179895,28902,0,237699,606506,0,0.982
industrial/SAT-Comp-2004-CNF/goldberg03/hard_eq_check-shuffling-2/shuffling-2-s1898485654-of-bench-sat04-329.used-as.sat04-587.cnf.gz,7955ad357c27b987f25cefb3d0459430,59991,59991,9426,0,78843,202888,0,0.315
industrial/SAT-Comp-2004-CNF/goldberg03/hard_eq_check-shuffling-2/shuffling-2-s2123257475-of-bench-sat04-327.used-as.sat04-589.cnf.gz,044d27388c142e8e47812d9518e01b2f,33199,33199,5248,0,43695,112244,0,0.168
industrial/SAT-Comp-2004-CNF/goldberg03/hard_eq_check-shuffling-2/shuffling-2-s356209203-of-bench-sat04-338.used-as.sat04-616.cnf.gz,1521bf4c6531b57b4052f24f8a1ea7d9,55571,55571,8756,4,73083,187746,0,0.292
industrial/SAT-Comp-2004-CNF/goldberg03/hard_eq_check-shuffling-2/shuffling-2-s388109912-of-bench-sat04-337.used-as.sat04-579.cnf.gz,8038e8a2750e1ff5d511a6cfa9e98d6b,22229,22229,3504,0,29237,75188,0,0.108
industrial/SAT-Comp-2004-CNF/goldberg03/hard_eq_check-shuffling-2/shuffling-2-s56834739-of-bench-sat04-333.used-as.sat04-583.cnf.gz,b9ce9e1a9435615676982bde8bf4e82d,77941,77941,12998,0,103937,262272,0,0.41
industrial/SAT-Comp-2004-CNF/goldberg03/hard_eq_check-shuffling-2/shuffling-2-s73165169-of-bench-sat04-334.used-as.sat04-582.cnf.gz,c5206c847d19a651d1252981a3907575,91139,91139,14524,0,120187,307682,0,0.488
industrial/SAT-Comp-2004-CNF/goldberg03/hard_eq_check/alu4mul.miter.used-as.sat04-326.cnf.gz,11a71cd35c99b9798df956b47ae602dd,30465,30465,4736,0,39937,103040,0,0.119
industrial/SAT-Comp-2004-CNF/goldberg03/hard_eq_check/c3540mul.miter.used-as.sat04-327.cnf.gz,c61d5b347584fd2d8aa51ef7235e8fcb,33199,33199,5248,0,43695,112244,0,0.132
industrial/SAT-Comp-2004-CNF/goldberg03/hard_eq_check/c6288mul.miter.used-as.sat04-328.cnf.gz,5180ab4873124f1a572b895fd9ab8f0d,61421,61421,9540,0,80501,207840,0,0.233
industrial/SAT-Comp-2004-CNF/goldberg03/hard_eq_check/dalumul.miter.used-as.sat04-329.cnf.gz,cc5bbf1a4d3ffb41b906d6f9e4b73823,59991,59991,9426,0,78843,202888,0,0.235
industrial/SAT-Comp-2004-CNF/goldberg03/hard_eq_check/desmul.miter.used-as.sat04-330.cnf.gz,0064aa2e16c9d4b18d32a45d3073fce9,179895,179895,28902,0,237699,606506,0,0.679
industrial/SAT-Comp-2004-CNF/goldberg03/hard_eq_check/frg1mul.miter.used-as.sat04-331.cnf.gz,0bf65687de95c5b3a3b8937b2c174bc4,20575,20575,3230,0,27035,69606,0,0.078
industrial/SAT-Comp-2004-CNF/goldberg03/hard_eq_check/frg2mul.miter.used-as.sat04-332.cnf.gz,c93be5a6216392787130e76afaaa44dc,62943,62943,10314,2,83571,211942,0,0.268
industrial/SAT-Comp-2004-CNF/goldberg03/hard_eq_check/i10mul.miter.used-as.sat04-333.cnf.gz,2a144840047376cee3b7b99455158976,77941,77941,12998,0,103937,262272,0,0.295
industrial/SAT-Comp-2004-CNF/goldberg03/hard_eq_check/i8mul.miter.used-as.sat04-334.cnf.gz,ce91bc56cc0d4b4853f99401c30095af,91139,91139,14524,0,120187,307682,0,0.371
industrial/SAT-Comp-2004-CNF/goldberg03/hard_eq_check/rotmul.miter.used-as.sat04-336.cnf.gz,18faad09a2e931cdfb4c8d7b1f2ef35f,35229,35229,5968,12,47165,118346,0,0.143
industrial/SAT-Comp-2004-CNF/goldberg03/hard_eq_check/term1mul.miter.used-as.sat04-337.cnf.gz,a16e869135b254f5b510c2308dda373c,22229,22229,3504,0,29237,75188,0,0.104
industrial/SAT-Comp-2004-CNF/goldberg03/hard_eq_check/x1mul.miter.used-as.sat04-338.cnf.gz,1defc0ba54776f3972e801d4bdc2a19b,55571,55571,8756,4,73083,187746,0,0.216
industrial/SAT-Comp-2004-CNF/hoonsang/vis-bmc-shuffling-1/shuffling-1-s1029132062-of-bench-sat04-990.used-as.sat04-998.cnf.gz,27cd4c29d15be5fdf90c23571f403c11,25116,25116,8503,0,42122,58576,0,0.116
industrial/SAT-Comp-2004-CNF/hoonsang/vis-bmc-shuffling-1/shuffling-1-s1591254236-of-bench-sat04-991.used-as.sat04-999.cnf.gz,85fa9b2022ea489f95d8d3640cf65230,46914,46914,15728,0,78370,109446,0,0.2
industrial/SAT-Comp-2004-CNF/hoonsang/vis-bmc-shuffling-1/shuffling-1-s1667727374-of-bench-sat04-987.used-as.sat04-995.cnf.gz,faa726fc029488c4bb7c30c000f5f5e9,77643,77643,25900,0,129443,181143,0,0.335
industrial/SAT-Comp-2004-CNF/hoonsang/vis-bmc-shuffling-1/shuffling-1-s1771355652-of-bench-sat04-989.used-as.sat04-997.cnf.gz,226997c047218abf49500ef77facfe9a,58308,58308,19473,0,97254,136028,0,0.247
industrial/SAT-Comp-2004-CNF/hoonsang/vis-bmc-shuffling-1/shuffling-1-s1841184384-of-bench-sat04-984.used-as.sat04-992.cnf.gz,4fc5b6f115456a7fbfeb16bca3fe9050,30507,30507,10758,0,52023,70159,0,0.137
industrial/SAT-Comp-2004-CNF/hoonsang/vis-bmc-shuffling-1/shuffling-1-s564272260-of-bench-sat04-988.used-as.sat04-996.cnf.gz,829992b676054bdbe6f50fb5808a400d,38367,38367,12845,0,64057,89507,0,0.178
industrial/SAT-Comp-2004-CNF/hoonsang/vis-bmc-shuffling-1/shuffling-1-s957317036-of-bench-sat04-986.used-as.sat04-994.cnf.gz,62609394574bd56fc969341f8e4548c2,63664,63664,21317,0,106298,148532,0,0.265
industrial/SAT-Comp-2004-CNF/hoonsang/vis-bmc-shuffling-1/shuffling-1-s973963881-of-bench-sat04-985.used-as.sat04-993.cnf.gz,ebd3cddf5d3c112c3fba5180e4298866,17025,17025,5716,0,28457,39721,0,0.069
industrial/SAT-Comp-2004-CNF/hoonsang/vis-bmc-shuffling-2/shuffling-2-s109623650-of-bench-sat04-990.used-as.sat04-1006.cnf.gz,4945525a17d470bdcf0197e9318ec682,25116,25116,8503,0,42122,58576,0,0.102
industrial/SAT-Comp-2004-CNF/hoonsang/vis-bmc-shuffling-2/shuffling-2-s162517441-of-bench-sat04-987.used-as.sat04-1003.cnf.gz,95644fb774ece2e4f5f2023a7e86225e,77643,77643,25900,0,129443,181143,0,0.322
industrial/SAT-Comp-2004-CNF/hoonsang/vis-bmc-shuffling-2/shuffling-2-s1976851858-of-bench-sat04-985.used-as.sat04-1001.cnf.gz,5b976078f5914cd63c7ca817055ed3e6,17025,17025,5716,0,28457,39721,0,0.069
industrial/SAT-Comp-2004-CNF/hoonsang/vis-bmc-shuffling-2/shuffling-2-s376420895-of-bench-sat04-984.used-as.sat04-1000.cnf.gz,3c699e21daeedc5ae2797e36968a7058,30507,30507,10758,0,52023,70159,0,0.123
industrial/SAT-Comp-2004-CNF/hoonsang/vis-bmc-shuffling-2/shuffling-2-s491931010-of-bench-sat04-986.used-as.sat04-1002.cnf.gz,acbb1ac5c7fdebf0dc661212562eef3b,63664,63664,21317,0,106298,148532,0,0.263
industrial/SAT-Comp-2004-CNF/hoonsang/vis-bmc-shuffling-2/shuffling-2-s711661477-of-bench-sat04-989.used-as.sat04-1005.cnf.gz,a10983c44cb44730ade4261f1671a6db,58308,58308,19473,0,97254,136028,0,0.244
industrial/SAT-Comp-2004-CNF/hoonsang/vis-bmc-shuffling-2/shuffling-2-s811558295-of-bench-sat04-991.used-as.sat04-1007.cnf.gz,34d6e19fd57e7d586925b622f95cf4d4,46914,46914,15728,0,78370,109446,0,0.195
industrial/SAT-Comp-2004-CNF/hoonsang/vis-bmc-shuffling-2/shuffling-2-s876707344-of-bench-sat04-988.used-as.sat04-1004.cnf.gz,67ee23581bb6dddab15f287f39c27822,38367,38367,12845,0,64057,89507,0,0.156
industrial/SAT-Comp-2004-CNF/hoonsang/vis-bmc/FIFO.used-as.sat04-991.cnf.gz,321ad77194d30ddfb45049f2fa8a4db9,46914,46914,15728,0,78370,109446,0,0.156
industrial/SAT-Comp-2004-CNF/hoonsang/vis-bmc/all.used-as.sat04-986.cnf.gz,a1712d810f742392ab9f27dc8f75d02d,63664,63664,21317,0,106298,148532,0,0.218
industrial/SAT-Comp-2004-CNF/hoonsang/vis-bmc/dekker.used-as.sat04-989.cnf.gz,32c7ace220aa3606c7c956370cbc86dd,58308,58308,19473,0,97254,136028,0,0.196
industrial/SAT-Comp-2004-CNF/hoonsang/vis-bmc/gigamax.used-as.sat04-984.cnf.gz,21f9d175cd8af806b94a04c5de768ef5,30507,30507,10758,0,52023,70159,0,0.1
industrial/SAT-Comp-2004-CNF/hoonsang/vis-bmc/luckySeven.used-as.sat04-990.cnf.gz,ae3ef040ff88ebea0faa1e90e9532f47,25116,25116,8503,0,42122,58576,0,0.083
industrial/SAT-Comp-2004-CNF/hoonsang/vis-bmc/philo.used-as.sat04-988.cnf.gz,8012832d327f2989636e949e560cd7dc,38367,38367,12845,0,64057,89507,0,0.131
industrial/SAT-Comp-2004-CNF/hoonsang/vis-bmc/rcnum25.used-as.sat04-987.cnf.gz,b8e080bccf77cdd5b4d8899068e8d009,77643,77643,25900,0,129443,181143,0,0.256
industrial/SAT-Comp-2004-CNF/hoonsang/vis-bmc/twoall.used-as.sat04-985.cnf.gz,2b8f44fd542e8c6dd4917a3df727025c,17025,17025,5716,0,28457,39721,0,0.058
industrial/SAT-Comp-2004-CNF/kukula03/addm_benchs-shuffling-1/shuffling-1-s1289525658-of-bench-sat04-341.used-as.sat04-480.cnf.gz,87a1663f9e45c299ea776f037eacf240,25538,25538,7361,0,40260,69314,0,0.114
industrial/SAT-Comp-2004-CNF/kukula03/addm_benchs-shuffling-1/shuffling-1-s1628049261-of-bench-sat04-339.used-as.sat04-478.cnf.gz,bb86b80e60493b43cd8770697420b9e7,7814,7814,2269,0,12352,21206,0,0.033
industrial/SAT-Comp-2004-CNF/kukula03/addm_benchs-shuffling-1/shuffling-1-s61431964-of-bench-sat04-342.used-as.sat04-481.cnf.gz,ea0fa24d243233603059dc2ce7767a21,41393,41393,11908,0,65209,112349,0,0.191
industrial/SAT-Comp-2004-CNF/kukula03/addm_benchs-shuffling-2/shuffling-2-s1137334707-of-bench-sat04-340.used-as.sat04-618.cnf.gz,585e46bd5dc0c4c9d47ec1aba082f007,14751,14751,4264,0,23279,40035,0,0.062
industrial/SAT-Comp-2004-CNF/kukula03/addm_benchs-shuffling-2/shuffling-2-s184229172-of-bench-sat04-339.used-as.sat04-617.cnf.gz,99e090515eedf3dc34e5db7b157dbc6a,7814,7814,2269,0,12352,21206,0,0.032
industrial/SAT-Comp-2004-CNF/kukula03/addm_benchs-shuffling-2/shuffling-2-s192031989-of-bench-sat04-342.used-as.sat04-620.cnf.gz,5298c5659a13ab4adf7e35d3ceec7683,41393,41393,11908,0,65209,112349,0,0.185
industrial/SAT-Comp-2004-CNF/kukula03/addm_benchs-shuffling-2/shuffling-2-s544294839-of-bench-sat04-341.used-as.sat04-619.cnf.gz,6b8af7c21b57d9f7c751d3cae9d45eff,25538,25538,7361,0,40260,69314,0,0.155
industrial/SAT-Comp-2004-CNF/kukula03/addm_benchs/am_6_6.used-as.sat04-339.cnf.gz,9148c8f12dc097135fed02dcb0f802a2,7814,7814,2269,0,12352,21206,0,0.032
industrial/SAT-Comp-2004-CNF/kukula03/addm_benchs/am_7_7.used-as.sat04-340.cnf.gz,29aa916ea226cf3f116b06aab611bb6e,14751,14751,4264,0,23279,40035,0,0.062
industrial/SAT-Comp-2004-CNF/kukula03/addm_benchs/am_8_8.used-as.sat04-341.cnf.gz,15b21ad2edfb8de81db7bf2481b0424c,25538,25538,7361,0,40260,69314,0,0.111
industrial/SAT-Comp-2004-CNF/li03/li-exam-shuffling-1/shuffling-1-s1614425735-of-bench-sat04-302.used-as.sat04-475.cnf.gz,64b02119437ed1c3782e084dc577f11e,108436,108436,28147,0,164730,373110,0,0.707
industrial/SAT-Comp-2004-CNF/li03/li-exam-shuffling-1/shuffling-1-s1699598943-of-bench-sat04-303.used-as.sat04-474.cnf.gz,7e020341c9aa20560d341f86bba58a4d,108436,108436,28147,0,164730,373110,0,0.625
industrial/SAT-Comp-2004-CNF/li03/li-exam-shuffling-1/shuffling-1-s1899190794-of-bench-sat04-304.used-as.sat04-473.cnf.gz,f66666d4da563c16b19fce6af88a12b0,108436,108436,28147,0,164730,373110,0,0.62
industrial/SAT-Comp-2004-CNF/li03/li-exam-shuffling-1/shuffling-1-s367099883-of-bench-sat04-305.used-as.sat04-472.cnf.gz,bf5b3c29bdd8a7f50667727f0deb60aa,108436,108436,28147,0,164730,373110,0,0.596
industrial/SAT-Comp-2004-CNF/li03/li-exam-shuffling-2/shuffling-2-s1843956569-of-bench-sat04-302.used-as.sat04-614.cnf.gz,81ad54da74142c2c8618b4ca831f32cd,108436,108436,28147,0,164730,373110,0,0.589
industrial/SAT-Comp-2004-CNF/li03/li-exam-shuffling-2/shuffling-2-s669678138-of-bench-sat04-304.used-as.sat04-612.cnf.gz,1dce98a4d4bf8b0448cb3ed6a0cab1ba,108436,108436,28147,0,164730,373110,0,0.619
industrial/SAT-Comp-2004-CNF/li03/li-exam-shuffling-2/shuffling-2-s78076770-of-bench-sat04-305.used-as.sat04-611.cnf.gz,918c479e397e18a888908998f57bf94e,108436,108436,28147,0,164730,373110,0,0.592
industrial/SAT-Comp-2004-CNF/li03/li-exam-shuffling-2/shuffling-2-s84691703-of-bench-sat04-303.used-as.sat04-613.cnf.gz,45ac59812097852918555672ed767c90,108436,108436,28147,0,164730,373110,0,0.885
industrial/SAT-Comp-2004-CNF/li03/li-exam/li-exam-64.used-as.sat04-302.cnf.gz,1222285fc41b2fa6ee3aa3cbca6d09b9,108436,108436,28147,0,164730,373110,0,0.419
industrial/SAT-Comp-2004-CNF/li03/li-test4-shuffling-1/shuffling-1-s1070142220-of-bench-sat04-311.used-as.sat04-466.cnf.gz,64078992111a57562c60be22ce9a4d2c,142491,142491,36809,0,216109,559708,0,0.861
industrial/SAT-Comp-2004-CNF/li03/li-test4-shuffling-1/shuffling-1-s1174621000-of-bench-sat04-309.used-as.sat04-468.cnf.gz,8b86631b0d1a8c921926b11d7ee7973d,142491,142491,36809,0,216109,559708,0,0.853
industrial/SAT-Comp-2004-CNF/li03/li-test4-shuffling-1/shuffling-1-s1938802273-of-bench-sat04-312.used-as.sat04-465.cnf.gz,b91c2ad8104fc9a7a1c9efb85e114c5c,142491,142491,36809,0,216109,559708,0,0.888
industrial/SAT-Comp-2004-CNF/li03/li-test4-shuffling-1/shuffling-1-s1950134129-of-bench-sat04-307.used-as.sat04-470.cnf.gz,4ab980fa952db9fa413647831229e311,142491,142491,36809,0,216109,559708,0,0.885
industrial/SAT-Comp-2004-CNF/li03/li-test4-shuffling-1/shuffling-1-s292537483-of-bench-sat04-308.used-as.sat04-469.cnf.gz,38690788bb1a8b1470010fb1c4ac0ee8,142491,142491,36809,0,216109,559708,0,0.934
industrial/SAT-Comp-2004-CNF/li03/li-test4-shuffling-1/shuffling-1-s590994361-of-bench-sat04-313.used-as.sat04-464.cnf.gz,d2d32084dabffef8f83b24afef3dc503,142491,142491,36809,0,216109,559708,0,1.211
industrial/SAT-Comp-2004-CNF/li03/li-test4-shuffling-1/shuffling-1-s95485215-of-bench-sat04-306.used-as.sat04-471.cnf.gz,6a180d3aad65fc809a26b265275c7899,142491,142491,36809,0,216109,559708,0,0.894
industrial/SAT-Comp-2004-CNF/li03/li-test4-shuffling-2/shuffling-2-s1141275903-of-bench-sat04-307.used-as.sat04-609.cnf.gz,a8bac60be31b4fc922237b14f5c46868,142491,142491,36809,0,216109,559708,0,1.038
industrial/SAT-Comp-2004-CNF/li03/li-test4-shuffling-2/shuffling-2-s120869283-of-bench-sat04-313.used-as.sat04-603.cnf.gz,9ec86df8b5797ea4ccc2763db3deb44e,142491,142491,36809,0,216109,559708,0,0.877
industrial/SAT-Comp-2004-CNF/li03/li-test4-shuffling-2/shuffling-2-s158913847-of-bench-sat04-306.used-as.sat04-610.cnf.gz,3367ba4c01fe07b385980a14211f250e,142491,142491,36809,0,216109,559708,0,0.86
industrial/SAT-Comp-2004-CNF/li03/li-test4-shuffling-2/shuffling-2-s218791748-of-bench-sat04-308.used-as.sat04-608.cnf.gz,2ca666280d7cb6769e635ea23a9080e2,142491,142491,36809,0,216109,559708,0,0.867
industrial/SAT-Comp-2004-CNF/li03/li-test4-shuffling-2/shuffling-2-s279405308-of-bench-sat04-309.used-as.sat04-607.cnf.gz,792a1734e5f7962db77ed97c296255e2,142491,142491,36809,0,216109,559708,0,0.92
industrial/SAT-Comp-2004-CNF/li03/li-test4-shuffling-2/shuffling-2-s413000580-of-bench-sat04-310.used-as.sat04-606.cnf.gz,34f3d874c6b819fa09116435bf361285,142491,142491,36809,0,216109,559708,0,0.858
industrial/SAT-Comp-2004-CNF/li03/li-test4-shuffling-2/shuffling-2-s504782760-of-bench-sat04-312.used-as.sat04-604.cnf.gz,53e8a231196dfdf1baebfa2f29646f14,142491,142491,36809,0,216109,559708,0,0.879
industrial/SAT-Comp-2004-CNF/li03/li-test4-shuffling-2/shuffling-2-s671567988-of-bench-sat04-311.used-as.sat04-605.cnf.gz,fd413efda5f4ffca330e7c56e158713b,142491,142491,36809,0,216109,559708,0,0.912
industrial/SAT-Comp-2004-CNF/li03/li-test4/li-test4-101.used-as.sat04-312.cnf.gz,ea2f4ed1be97f6a0235b276918b25bcf,142491,142491,36809,0,216109,559708,0,0.597
industrial/SAT-Comp-2004-CNF/li03/li-test4/li-test4-94.used-as.sat04-313.cnf.gz,4251f5d7245815dabb28e4262cfbbf6b,142491,142491,36809,0,216109,559708,0,0.736
industrial/SAT-Comp-2004-CNF/li03/li-test4/li-test4-97.used-as.sat04-308.cnf.gz,ff19f2d04175882d3ed57372893159ef,142491,142491,36809,0,216109,559708,0,0.589
industrial/SAT-Comp-2004-CNF/marijn/Philips-shuffling-1/shuffling-1-s1948244678-of-bench-sat04-301.used-as.sat04-476.cnf.gz,8c556401f34d6c9ce2196943086ec828,4456,4456,1391,2251,7238,11309,0,0.019
industrial/SAT-Comp-2004-CNF/marijn/Philips-shuffling-2/shuffling-2-s1204697340-of-bench-sat04-301.used-as.sat04-615.cnf.gz,b700ee58c87d3f9bf9216365eb86c7ee,4456,4456,1391,2251,7238,11309,0,0.018
industrial/SAT-Comp-2004-CNF/marijn/Philips/philips.used-as.sat04-301.cnf.gz,afe23c977290a504f353bd3156baa9e5,4456,4456,1391,2251,7238,11309,0,0.017
industrial/SAT-Comp-2004-CNF/maris03/gripper-shuffling-1/shuffling-1-s1514628018-of-bench-sat04-424.used-as.sat04-563.cnf.gz,b01ffb1055c2a944a64c99cd98a3c9fc,29412,29412,3352,0,36116,65184,0,0.105
industrial/SAT-Comp-2004-CNF/maris03/gripper-shuffling-1/shuffling-1-s1666656867-of-bench-sat04-427.used-as.sat04-566.cnf.gz,2c80f7be9ab93c5bf4651a4aed0cbad4,45056,45056,4758,0,54572,99218,0,0.166
industrial/SAT-Comp-2004-CNF/maris03/gripper-shuffling-1/shuffling-1-s1769330284-of-bench-sat04-422.used-as.sat04-561.cnf.gz,21b173943af57eefaac5e88bfa2662ad,26019,26019,3084,0,32187,57875,0,0.094
industrial/SAT-Comp-2004-CNF/maris03/gripper-shuffling-1/shuffling-1-s1870372346-of-bench-sat04-423.used-as.sat04-562.cnf.gz,3cff6c97a515aecfe46ba0f1256a3c11,30746,30746,3502,0,37750,68144,0,0.115
industrial/SAT-Comp-2004-CNF/maris03/gripper-shuffling-1/shuffling-1-s267419589-of-bench-sat04-419.used-as.sat04-558.cnf.gz,c9c06f90af8a30b20fef60561f5efacc,19700,19700,2438,0,24576,43982,0,0.071
industrial/SAT-Comp-2004-CNF/maris03/gripper-shuffling-1/shuffling-1-s285126640-of-bench-sat04-421.used-as.sat04-560.cnf.gz,9d5795b7e996c413292129c1eb5b9843,27199,27199,3222,0,33643,60503,0,0.099
industrial/SAT-Comp-2004-CNF/maris03/gripper-shuffling-1/shuffling-1-s409894747-of-bench-sat04-426.used-as.sat04-565.cnf.gz,c9a5010f73af6f6ff4aaf30dd3c79179,38965,38965,4268,0,47501,86077,0,0.515
industrial/SAT-Comp-2004-CNF/maris03/gripper-shuffling-1/shuffling-1-s458350434-of-bench-sat04-425.used-as.sat04-564.cnf.gz,c9d6302819097bf27da84e20a43736e1,40461,40461,4430,0,49321,89385,0,0.178
industrial/SAT-Comp-2004-CNF/maris03/gripper-shuffling-1/shuffling-1-s562318426-of-bench-sat04-420.used-as.sat04-559.cnf.gz,66e35170e72c3233f2ad23afce22491d,18666,18666,2312,0,23290,41670,0,0.068
industrial/SAT-Comp-2004-CNF/maris03/gripper-shuffling-1/shuffling-1-s875444519-of-bench-sat04-428.used-as.sat04-567.cnf.gz,e70618d69e78e5ac19771a8b35ad751e,43390,43390,4584,0,52558,95546,0,0.165
industrial/SAT-Comp-2004-CNF/maris03/gripper-shuffling-2/shuffling-2-s113738192-of-bench-sat04-420.used-as.sat04-697.cnf.gz,4e9db599219d8bbd2d4b5e0bee095534,18666,18666,2312,0,23290,41670,0,0.072
industrial/SAT-Comp-2004-CNF/maris03/gripper-shuffling-2/shuffling-2-s1446184795-of-bench-sat04-423.used-as.sat04-700.cnf.gz,f750311b2f5b7bf7048b1e3956a3a6f3,30746,30746,3502,0,37750,68144,0,0.12
industrial/SAT-Comp-2004-CNF/maris03/gripper-shuffling-2/shuffling-2-s1466302401-of-bench-sat04-427.used-as.sat04-704.cnf.gz,c3dfabc07a14354de3e71457dc6632cb,45056,45056,4758,0,54572,99218,0,0.175
industrial/SAT-Comp-2004-CNF/maris03/gripper-shuffling-2/shuffling-2-s216507367-of-bench-sat04-422.used-as.sat04-699.cnf.gz,4cc2461b9949fc197f0322c81401a3a6,26019,26019,3084,0,32187,57875,0,0.098
industrial/SAT-Comp-2004-CNF/maris03/gripper-shuffling-2/shuffling-2-s319656492-of-bench-sat04-426.used-as.sat04-703.cnf.gz,7f71af39bd460da2bf60efe59f74928b,38965,38965,4268,0,47501,86077,0,0.148
industrial/SAT-Comp-2004-CNF/maris03/gripper-shuffling-2/shuffling-2-s394545217-of-bench-sat04-419.used-as.sat04-696.cnf.gz,c6c8b14ec36403182ae944791831223b,19700,19700,2438,0,24576,43982,0,0.075
industrial/SAT-Comp-2004-CNF/maris03/gripper-shuffling-2/shuffling-2-s433859593-of-bench-sat04-424.used-as.sat04-701.cnf.gz,45fc892445200b55e6a8173df9241861,29412,29412,3352,0,36116,65184,0,0.111
industrial/SAT-Comp-2004-CNF/maris03/gripper-shuffling-2/shuffling-2-s663936811-of-bench-sat04-421.used-as.sat04-698.cnf.gz,d9b8070a46cf4dc4dcaab2548c7abcaf,27199,27199,3222,0,33643,60503,0,0.103
industrial/SAT-Comp-2004-CNF/maris03/gripper-shuffling-2/shuffling-2-s709151728-of-bench-sat04-425.used-as.sat04-702.cnf.gz,fc944317a95d82809f8c89f65d5365a0,40461,40461,4430,0,49321,89385,0,0.153
industrial/SAT-Comp-2004-CNF/maris03/gripper-shuffling-2/shuffling-2-s757623650-of-bench-sat04-428.used-as.sat04-705.cnf.gz,62d99c9a4d1fe9211f3e38b1ac454704,43390,43390,4584,0,52558,95546,0,0.161
industrial/SAT-Comp-2004-CNF/maris03/gripper/gripper10.used-as.sat04-419.cnf.gz,2d137e66499461e04c064daf97028989,19700,19700,2438,0,24576,43982,0,0.064
industrial/SAT-Comp-2004-CNF/maris03/gripper/gripper10u.used-as.sat04-420.cnf.gz,ca14bd8baf145487ea6e9b0278ef3ba3,18666,18666,2312,0,23290,41670,0,0.06
industrial/SAT-Comp-2004-CNF/maris03/gripper/gripper11.used-as.sat04-421.cnf.gz,74f282b1376a9d21a8a888eb49381e79,27199,27199,3222,0,33643,60503,0,0.086
industrial/SAT-Comp-2004-CNF/maris03/gripper/gripper11u.used-as.sat04-422.cnf.gz,8fe3c709190ba9bb64dbf699302e1d20,26019,26019,3084,0,32187,57875,0,0.082
industrial/SAT-Comp-2004-CNF/maris03/gripper/gripper12.used-as.sat04-423.cnf.gz,4a74a9c7d31ef48049cd5583f4382625,30746,30746,3502,0,37750,68144,0,0.098
industrial/SAT-Comp-2004-CNF/maris03/gripper/gripper12u.used-as.sat04-424.cnf.gz,450639bc46c0c4e79d024376063f274a,29412,29412,3352,0,36116,65184,0,0.093
industrial/SAT-Comp-2004-CNF/maris03/gripper/gripper13.used-as.sat04-425.cnf.gz,75f4fa1c541a7012c0a26e8dc4919785,40461,40461,4430,0,49321,89385,0,0.16
industrial/SAT-Comp-2004-CNF/maris03/gripper/gripper13u.used-as.sat04-426.cnf.gz,24b68659c37d328dd590cf3467bc433d,38965,38965,4268,0,47501,86077,0,0.128
industrial/SAT-Comp-2004-CNF/maris03/gripper/gripper14.used-as.sat04-427.cnf.gz,cd0b72fb52001f61e02cdb229359363e,45056,45056,4758,0,54572,99218,0,0.159
industrial/SAT-Comp-2004-CNF/schuppan03/l2s-shuffling-1/shuffling-1-s1025511904-of-bench-sat04-438.used-as.sat04-577.cnf.gz,8cf024f9c1240da3c0f894d3d9adaf74,48483,48483,14809,0,78101,123522,0,0.209
industrial/SAT-Comp-2004-CNF/schuppan03/l2s-shuffling-1/shuffling-1-s1354984697-of-bench-sat04-434.used-as.sat04-573.cnf.gz,d8d346f9ff4deeeb907a7d2d96fc585b,1596837,200000,283865,221671,767730,512239,1,4.242
industrial/SAT-Comp-2004-CNF/schuppan03/l2s-shuffling-1/shuffling-1-s147121172-of-bench-sat04-433.used-as.sat04-572.cnf.gz,0f371692924016392c7035ec4dd58ffc,2068742,200000,311369,343397,822738,511600,1,5.263
industrial/SAT-Comp-2004-CNF/schuppan03/l2s-shuffling-1/shuffling-1-s1722048485-of-bench-sat04-437.used-as.sat04-576.cnf.gz,0e78e16264efc451d89678ca7728ef09,48483,48483,14809,0,78101,123522,0,0.212
industrial/SAT-Comp-2004-CNF/schuppan03/l2s-shuffling-1/shuffling-1-s2049964664-of-bench-sat04-432.used-as.sat04-571.cnf.gz,5062f34d22e60ea2e1a98905345b76d3,307346,200000,98329,417,396658,492836,1,1.33
industrial/SAT-Comp-2004-CNF/schuppan03/l2s-shuffling-1/shuffling-1-s342491719-of-bench-sat04-439.used-as.sat04-578.cnf.gz,a5e54895f6b70a892c078632db7e748d,1778987,200000,295574,265797,791148,512892,1,4.9
industrial/SAT-Comp-2004-CNF/schuppan03/l2s-shuffling-1/shuffling-1-s472031984-of-bench-sat04-430.used-as.sat04-569.cnf.gz,91af4c172eb4181f7ecd1126f5c4804f,1379987,200000,268629,167072,737258,514810,1,3.507
industrial/SAT-Comp-2004-CNF/schuppan03/l2s-shuffling-1/shuffling-1-s53191867-of-bench-sat04-436.used-as.sat04-575.cnf.gz,d93819b0aaf7569fe0b28e86db542330,3113540,200000,349801,635241,899602,511666,1,7.643
industrial/SAT-Comp-2004-CNF/schuppan03/l2s-shuffling-1/shuffling-1-s652240044-of-bench-sat04-431.used-as.sat04-570.cnf.gz,f0a9cc308cad583505c954f6bb08f985,773077,200000,212315,49037,624630,513540,1,2.225
industrial/SAT-Comp-2004-CNF/schuppan03/l2s-shuffling-1/shuffling-1-s747993272-of-bench-sat04-429.used-as.sat04-568.cnf.gz,6586d1c6d24fe2bf48438c4f55ed5151,2694319,200000,338015,512383,876030,512887,1,6.742
industrial/SAT-Comp-2004-CNF/schuppan03/l2s-shuffling-1/shuffling-1-s810499108-of-bench-sat04-435.used-as.sat04-574.cnf.gz,d1e119a9cf045daa682872f1c8c5fc3c,1601920,200000,284089,223056,768178,511534,1,4.186
industrial/SAT-Comp-2004-CNF/schuppan03/l2s-shuffling-2/shuffling-2-s1024720616-of-bench-sat04-433.used-as.sat04-710.cnf.gz,b294368cb60c9db1ede7f2b1f8df62e4,2068742,200000,311495,343271,822990,512600,1,5.291
industrial/SAT-Comp-2004-CNF/schuppan03/l2s-shuffling-2/shuffling-2-s1080347346-of-bench-sat04-432.used-as.sat04-709.cnf.gz,2dbb1db59a4ea23587ba2dc21080e4e7,307346,200000,98346,400,396692,493076,1,1.129
industrial/SAT-Comp-2004-CNF/schuppan03/l2s-shuffling-2/shuffling-2-s122749197-of-bench-sat04-439.used-as.sat04-716.cnf.gz,af9f1e8a460dc2f26fdeb258827e129b,1778987,200000,296326,265045,792652,513788,1,4.679
industrial/SAT-Comp-2004-CNF/schuppan03/l2s-shuffling-2/shuffling-2-s1241010979-of-bench-sat04-429.used-as.sat04-706.cnf.gz,4d0ae0b3f567394a2ff24434f656d15e,2694319,200000,337917,512481,875834,513255,1,6.684
industrial/SAT-Comp-2004-CNF/schuppan03/l2s-shuffling-2/shuffling-2-s1480152728-of-bench-sat04-434.used-as.sat04-711.cnf.gz,01bd0865ab694bc71d80b7d285d5777d,1596837,200000,284208,221328,768416,511951,1,4.072
industrial/SAT-Comp-2004-CNF/schuppan03/l2s-shuffling-2/shuffling-2-s1712089181-of-bench-sat04-436.used-as.sat04-713.cnf.gz,df3da7a967605e804571a36c099416b7,3113540,200000,351085,633957,902170,512788,1,7.757
industrial/SAT-Comp-2004-CNF/schuppan03/l2s-shuffling-2/shuffling-2-s180942410-of-bench-sat04-435.used-as.sat04-712.cnf.gz,aaac363bfccc38c6b847231a94ad159f,1601920,200000,284262,222883,768524,511965,1,4.337
industrial/SAT-Comp-2004-CNF/schuppan03/l2s-shuffling-2/shuffling-2-s600266287-of-bench-sat04-431.used-as.sat04-708.cnf.gz,32a6ada84634400021d4512724517386,773077,200000,212133,49219,624266,513897,1,2.391
industrial/SAT-Comp-2004-CNF/schuppan03/l2s-shuffling-2/shuffling-2-s903327482-of-bench-sat04-438.used-as.sat04-715.cnf.gz,7bc0f5dd184dfa32e8dd32a91e1c3396,48483,48483,14809,0,78101,123522,0,0.213
industrial/SAT-Comp-2004-CNF/schuppan03/l2s-shuffling-2/shuffling-2-s961664232-of-bench-sat04-430.used-as.sat04-707.cnf.gz,12fd01409b8fc6ae93ea63612eb5ab18,1379987,200000,268408,167293,736816,514595,1,3.998
industrial/SAT-Comp-2004-CNF/schuppan03/l2s-shuffling-2/shuffling-2-s990144954-of-bench-sat04-437.used-as.sat04-714.cnf.gz,e5cbd4e6bc79fdd483e47b3a055231b4,48483,48483,14809,0,78101,123522,0,0.214
industrial/SAT-Comp-2004-CNF/schuppan03/l2s/bc56-sensors-2-k592-unsat.used-as.sat04-429.cnf.gz,b531eaf7dc8c746ffa90d8660087ab30,2694319,200000,338665,511733,877330,513693,1,5.33
industrial/SAT-Comp-2004-CNF/schuppan03/l2s/bc57-sensors-1-k303-unsat.used-as.sat04-430.cnf.gz,f290454cdc3961de3a4aea4d6f1a5443,1379987,200000,267764,167937,735528,513560,1,2.935
industrial/SAT-Comp-2004-CNF/schuppan03/l2s/dme-03-1-k247-unsat.used-as.sat04-431.cnf.gz,62a27df0d094ebd1b15af5305f2cd4f7,773077,200000,212215,49137,624430,514011,1,1.877
industrial/SAT-Comp-2004-CNF/schuppan03/l2s/guidance-1-k56-unsat.used-as.sat04-432.cnf.gz,d57455a936bf35a3372e9d8c02762ef8,307346,200000,98329,417,396658,492875,1,0.93
industrial/SAT-Comp-2004-CNF/schuppan03/l2s/motors-stuck-1-k407-unsat.used-as.sat04-433.cnf.gz,149fb6a362e0a8073b751a752bc8ffb1,2068742,200000,311366,343400,822732,511415,1,4.287
industrial/SAT-Comp-2004-CNF/schuppan03/l2s/motors-stuck-2-k314-unsat.used-as.sat04-434.cnf.gz,31b768fbd71b5f2c92ba4d9684af7e61,1596837,200000,284502,221034,769004,512152,1,3.379
industrial/SAT-Comp-2004-CNF/schuppan03/l2s/motors-stuck-2-k315-sat.used-as.sat04-435.cnf.gz,3cb35f534c37226758c079a50327b7db,1601920,200000,284492,222653,768984,512051,1,3.449
industrial/SAT-Comp-2004-CNF/simon03/sat02-shuffling-1/shuffling-1-s1179492673-of-bench-sat04-362.used-as.sat04-501.cnf.gz,538b75eab5f2746c4e6adce0fe79448c,530713,200000,173705,21057,547410,452922,1,1.619
industrial/SAT-Comp-2004-CNF/simon03/sat02-shuffling-1/shuffling-1-s1485189478-of-bench-sat04-366.used-as.sat04-505.cnf.gz,f35598a7f825266b848022f07fd71e7f,255417,200000,61355,22,322710,602261,1,1.221
industrial/SAT-Comp-2004-CNF/simon03/sat02-shuffling-1/shuffling-1-s1777916872-of-bench-sat04-367.used-as.sat04-506.cnf.gz,4637518f30d1872ce138fcb92d193d37,255417,200000,61364,13,322728,601946,1,1.202
industrial/SAT-Comp-2004-CNF/simon03/sat02-shuffling-1/shuffling-1-s32798078-of-bench-sat04-359.used-as.sat04-498.cnf.gz,d9e2f1fa381a4bf63b8efca92efaf452,425316,200000,116456,3911,432912,488727,1,1.487
industrial/SAT-Comp-2004-CNF/simon03/sat02-shuffling-1/shuffling-1-s339618419-of-bench-sat04-361.used-as.sat04-500.cnf.gz,9bd96394b3c077cccb5d71ea405e4733,16804,16804,5910,0,28624,38654,0,0.066
industrial/SAT-Comp-2004-CNF/simon03/sat02-shuffling-1/shuffling-1-s419401927-of-bench-sat04-364.used-as.sat04-503.cnf.gz,c99c08cb02878cd0b5d98ea528b2f1c5,80439,80439,27568,0,135575,186255,0,0.335
industrial/SAT-Comp-2004-CNF/simon03/sat02-shuffling-1/shuffling-1-s511155725-of-bench-sat04-363.used-as.sat04-502.cnf.gz,e9f65d119b945ea9687b4b6b689324e9,707913,200000,208511,51251,617022,452558,1,2.124
industrial/SAT-Comp-2004-CNF/simon03/sat02-shuffling-1/shuffling-1-s765004498-of-bench-sat04-365.used-as.sat04-504.cnf.gz,14e1b7f728682aed19489d87774a5090,101319,101319,34678,0,170675,234655,0,0.435
industrial/SAT-Comp-2004-CNF/simon03/sat02-shuffling-1/shuffling-1-s914569715-of-bench-sat04-360.used-as.sat04-499.cnf.gz,65104b153a9aea8ace98f32ee4d1928d,469519,200000,126156,6399,452312,488630,1,1.537
industrial/SAT-Comp-2004-CNF/simon03/sat02-shuffling-2/shuffling-2-s1273147401-of-bench-sat04-365.used-as.sat04-642.cnf.gz,bb8f65215c7380af7319d06448306e74,101319,101319,34678,0,170675,234655,0,0.436
industrial/SAT-Comp-2004-CNF/simon03/sat02-shuffling-2/shuffling-2-s1274015131-of-bench-sat04-367.used-as.sat04-644.cnf.gz,1ddec3a8d7bf5fc6d8380ebed63dfcfa,255417,200000,61361,16,322722,602427,1,1.383
industrial/SAT-Comp-2004-CNF/simon03/sat02-shuffling-2/shuffling-2-s1727927196-of-bench-sat04-360.used-as.sat04-637.cnf.gz,743ea2db196135f24feb98c487bb255d,469519,200000,126250,6305,452500,489340,1,1.5
industrial/SAT-Comp-2004-CNF/simon03/sat02-shuffling-2/shuffling-2-s329391454-of-bench-sat04-364.used-as.sat04-641.cnf.gz,c7676669ff76021ddf7a04956a588e2d,80439,80439,27568,0,135575,186255,0,0.343
industrial/SAT-Comp-2004-CNF/simon03/sat02-shuffling-2/shuffling-2-s340247357-of-bench-sat04-361.used-as.sat04-638.cnf.gz,1651f84d3891b29f3125d69f4356c763,16804,16804,5910,0,28624,38654,0,0.067
industrial/SAT-Comp-2004-CNF/simon03/sat02-shuffling-2/shuffling-2-s644021767-of-bench-sat04-362.used-as.sat04-639.cnf.gz,2667cef018702b772f5f79a9dfc88cf0,530713,200000,173520,21242,547040,452170,1,1.694
industrial/SAT-Comp-2004-CNF/simon03/sat02-shuffling-2/shuffling-2-s725710038-of-bench-sat04-363.used-as.sat04-640.cnf.gz,e229f48d76637a26f0b3b8df865d8473,707913,200000,208294,51468,616588,452849,1,2.158
industrial/SAT-Comp-2004-CNF/simon03/sat02-shuffling-2/shuffling-2-s780396772-of-bench-sat04-359.used-as.sat04-636.cnf.gz,26154b6c152d6e98d6bcd7a860d9b0fa,425316,200000,116379,3988,432758,488941,1,1.676
industrial/SAT-Comp-2004-CNF/simon03/sat02-shuffling-2/shuffling-2-s993306987-of-bench-sat04-366.used-as.sat04-643.cnf.gz,c5acbd27a083c911ab5c6540b638a2db,255417,200000,61358,19,322716,601828,1,1.46
industrial/SAT-Comp-2004-CNF/simon03/sat02/sha1.used-as.sat04-366.cnf.gz,10ba9784d4f44ff18d81b0bf41becd5f,255417,200000,61363,14,322726,602286,1,1.279
industrial/SAT-Comp-2004-CNF/simon03/sat02/sha2.used-as.sat04-367.cnf.gz,8564a8e4ac1bb2a9ffc38a7908511c98,255417,200000,61363,14,322726,602060,1,1.261
industrial/SAT-Comp-2004-CNF/simon03/sat02bis-shuffling-1/shuffling-1-s1388695022-of-bench-sat04-356.used-as.sat04-495.cnf.gz,467dbd7e43703ec8190aec1389791fb0,68561,68561,20470,0,109501,187229,0,0.326
industrial/SAT-Comp-2004-CNF/simon03/sat02bis-shuffling-1/shuffling-1-s1607689246-of-bench-sat04-351.used-as.sat04-490.cnf.gz,2b500a9967d6110ac2dbd0fb62a31993,295998,200000,9877,5,219754,1167188,1,2.096
industrial/SAT-Comp-2004-CNF/simon03/sat02bis-shuffling-1/shuffling-1-s1931619758-of-bench-sat04-352.used-as.sat04-491.cnf.gz,68dd0d77f4ffd23fa8062c932f151f0a,345426,200000,13173,3,226346,1508668,1,2.739
industrial/SAT-Comp-2004-CNF/simon03/sat02bis-shuffling-1/shuffling-1-s2015158897-of-bench-sat04-358.used-as.sat04-497.cnf.gz,71ede9986d10615b0ad4b415002145b5,30792,30792,10369,768,51530,72531,0,0.132
industrial/SAT-Comp-2004-CNF/simon03/sat02bis-shuffling-1/shuffling-1-s242737891-of-bench-sat04-353.used-as.sat04-492.cnf.gz,7e3d508e62b04e9fd4f0d5ade7d4752e,271393,200000,10051,5,220102,405388,1,0.937
industrial/SAT-Comp-2004-CNF/simon03/sat02bis-shuffling-1/shuffling-1-s355579135-of-bench-sat04-357.used-as.sat04-496.cnf.gz,f6cdd794d9bd894b7143fb8dbe6ad48a,25271,25271,8513,684,42297,59561,0,0.104
industrial/SAT-Comp-2004-CNF/simon03/sat02bis-shuffling-1/shuffling-1-s358595283-of-bench-sat04-349.used-as.sat04-488.cnf.gz,b0d5045fa4428ba016c8228265824604,270136,200000,3768,3,207536,1200000,1,2.136
industrial/SAT-Comp-2004-CNF/simon03/sat02bis-shuffling-1/shuffling-1-s568675787-of-bench-sat04-350.used-as.sat04-489.cnf.gz,5a6087de6dd7eaf1eae70292527a9680,307674,200000,5027,1,210054,1584994,1,2.753
industrial/SAT-Comp-2004-CNF/simon03/sat02bis-shuffling-1/shuffling-1-s655938367-of-bench-sat04-355.used-as.sat04-494.cnf.gz,ec02814874cafa345a7504dfc00b974c,14812,14812,2424,0,19660,39764,0,0.109
industrial/SAT-Comp-2004-CNF/simon03/sat02bis-shuffling-1/shuffling-1-s793536932-of-bench-sat04-354.used-as.sat04-493.cnf.gz,aaa4e104359ceecde39da1a9389de87e,14812,14812,2424,0,19660,39764,0,0.061
industrial/SAT-Comp-2004-CNF/simon03/sat02bis-shuffling-2/shuffling-2-s1016393551-of-bench-sat04-357.used-as.sat04-634.cnf.gz,517fd0e62d9d59ca421e99e827673cd0,25271,25271,8513,684,42297,59561,0,0.105
industrial/SAT-Comp-2004-CNF/simon03/sat02bis-shuffling-2/shuffling-2-s125784644-of-bench-sat04-352.used-as.sat04-629.cnf.gz,1b4bbb9281999c621693497d618e9558,345426,200000,13171,5,226342,1508992,1,2.771
industrial/SAT-Comp-2004-CNF/simon03/sat02bis-shuffling-2/shuffling-2-s1401914502-of-bench-sat04-353.used-as.sat04-630.cnf.gz,8f786b73b25fc6b6b04a7e452354d737,271393,200000,10052,4,220104,405598,1,1.066
industrial/SAT-Comp-2004-CNF/simon03/sat02bis-shuffling-2/shuffling-2-s1970369959-of-bench-sat04-356.used-as.sat04-633.cnf.gz,d6fb8718ece8f4fd8498dac4bed0bdb4,68561,68561,20470,0,109501,187229,0,0.356
industrial/SAT-Comp-2004-CNF/simon03/sat02bis-shuffling-2/shuffling-2-s2102867814-of-bench-sat04-349.used-as.sat04-626.cnf.gz,d8499c1060a71b03ee69df044f743a35,270136,200000,3768,3,207536,1200000,1,1.689
industrial/SAT-Comp-2004-CNF/simon03/sat02bis-shuffling-2/shuffling-2-s496613354-of-bench-sat04-358.used-as.sat04-635.cnf.gz,967f030146d6b89c039964d1af8818fc,30792,30792,10369,768,51530,72531,0,0.125
industrial/SAT-Comp-2004-CNF/simon03/sat02bis-shuffling-2/shuffling-2-s524759601-of-bench-sat04-350.used-as.sat04-627.cnf.gz,5a26c909c257984200b0b0ba6ea09356,307674,200000,5028,0,210056,1585444,1,2.582
industrial/SAT-Comp-2004-CNF/simon03/sat02bis-shuffling-2/shuffling-2-s561047768-of-bench-sat04-354.used-as.sat04-631.cnf.gz,34e464677538186c29af6efe538184ce,14812,14812,2424,0,19660,39764,0,0.062
industrial/SAT-Comp-2004-CNF/simon03/sat02bis-shuffling-2/shuffling-2-s772306053-of-bench-sat04-351.used-as.sat04-628.cnf.gz,73327432da798b4bd044a50bf0d0e6fc,295998,200000,9878,4,219756,1167092,1,1.993
industrial/SAT-Comp-2004-CNF/simon03/sat02bis-shuffling-2/shuffling-2-s954892531-of-bench-sat04-355.used-as.sat04-632.cnf.gz,957313c40d8d17ae1dff6c7d8beaf745,14812,14812,2424,0,19660,39764,0,0.06
industrial/SAT-Comp-2004-CNF/simon03/sat02bis/cnf-r4-b1-k1.1-comp.used-as.sat04-354.cnf.gz,6161db543da5bbc0774f3bf5fc1e7703,14812,14812,2424,0,19660,39764,0,0.059
industrial/SAT-Comp-2004-CNF/simon03/sat02bis/cnf-r4-b1-k1.2-comp.used-as.sat04-355.cnf.gz,93d294c511adeec0c6f2ab48bdba6f76,14812,14812,2424,0,19660,39764,0,0.06
industrial/SAT-Comp-2004-CNF/simon03/sat02bis/k2fix_gr_2pin_w8.used-as.sat04-351.cnf.gz,c60d752c59b46fc7ad4520116649a531,295998,200000,9877,5,219754,1167216,1,1.842
industrial/SAT-Comp-2004-CNF/simon03/sat02bis/k2fix_gr_2pin_w9.used-as.sat04-352.cnf.gz,dd8cd20e4d6830d5023b3e06ea17bbb2,345426,200000,13173,3,226346,1509040,1,2.603
industrial/SAT-Comp-2004-CNF/simon03/sat02bis/k2fix_gr_2pinvar_w8.used-as.sat04-349.cnf.gz,b400f2362d15334aa6d05ef99e315fc1,270136,200000,3768,3,207536,1200000,1,1.661
industrial/SAT-Comp-2004-CNF/simon03/sat02bis/k2fix_gr_2pinvar_w9.used-as.sat04-350.cnf.gz,72a16240996460bc47d57b5addc2b06c,307674,200000,5027,1,210054,1585258,1,2.665
industrial/SAT-Comp-2004-CNF/simon03/sat02bis/k2fix_gr_rcs_w8.used-as.sat04-353.cnf.gz,ef673597d33e9c4952ac883ceb96cbab,271393,200000,10046,10,220092,405598,1,0.904
industrial/SAT-Comp-2004-CNF/vangelder/cnf-color-shuffling-1/shuffling-1-s1013918631-of-bench-sat04-320.used-as.sat04-457.cnf.gz,62c5e8b81417a97cba0162d22081c14d,4625,4625,570,0,5765,9615,0,0.017
industrial/SAT-Comp-2004-CNF/vangelder/cnf-color-shuffling-1/shuffling-1-s1103408877-of-bench-sat04-316.used-as.sat04-461.cnf.gz,f95ddbd2e1c184caa2b876dbf6b12dc6,428405,200000,12440,16,224880,404318,1,1.232
industrial/SAT-Comp-2004-CNF/vangelder/cnf-color-shuffling-1/shuffling-1-s1530771508-of-bench-sat04-323.used-as.sat04-454.cnf.gz,263dafb261a9d65aed2285d65a42a4eb,1011975,200000,3577,1607,207154,2396821,1,7.621
industrial/SAT-Comp-2004-CNF/vangelder/cnf-color-shuffling-1/shuffling-1-s1573688530-of-bench-sat04-321.used-as.sat04-456.cnf.gz,8b2932aad64fbe68d20eb4af71814c8b,481761,200000,14003,10,228006,404676,1,1.303
industrial/SAT-Comp-2004-CNF/vangelder/cnf-color-shuffling-1/shuffling-1-s1856380600-of-bench-sat04-314.used-as.sat04-463.cnf.gz,8c6581b95f97d008932f4161507f2c47,426860,200000,4665,6,209330,1199969,1,2.25
industrial/SAT-Comp-2004-CNF/vangelder/cnf-color-shuffling-1/shuffling-1-s1891661652-of-bench-sat04-325.used-as.sat04-452.cnf.gz,318dcdfe285bc5f922020a25738cd0c4,1011042,200000,31956,14700,263912,409080,1,2.516
industrial/SAT-Comp-2004-CNF/vangelder/cnf-color-shuffling-1/shuffling-1-s315487131-of-bench-sat04-322.used-as.sat04-455.cnf.gz,c4820d4fa5a7781d65c8d1113b3c9471,911719,200000,157302,62350,514604,610520,1,2.69
industrial/SAT-Comp-2004-CNF/vangelder/cnf-color-shuffling-1/shuffling-1-s374833513-of-bench-sat04-319.used-as.sat04-458.cnf.gz,edffa6868bbb0a40124e4ce72cfa51fd,9915,9915,2550,0,15015,29638,0,0.046
industrial/SAT-Comp-2004-CNF/vangelder/cnf-color-shuffling-1/shuffling-1-s394233189-of-bench-sat04-324.used-as.sat04-453.cnf.gz,61925e4fcee118b5e121beb83f5d185f,469472,200000,109238,8188,418476,624108,1,1.942
industrial/SAT-Comp-2004-CNF/vangelder/cnf-color-shuffling-1/shuffling-1-s716603489-of-bench-sat04-317.used-as.sat04-460.cnf.gz,0b0c7b96b04f9fee0120df9eb8add851,484871,200000,6223,5,212446,1588853,1,3.413
industrial/SAT-Comp-2004-CNF/vangelder/cnf-color-shuffling-1/shuffling-1-s74924153-of-bench-sat04-315.used-as.sat04-462.cnf.gz,ccea13af761be0a5c17eeddbd43f46d7,693640,200000,135774,28965,471548,599999,1,2.153
industrial/SAT-Comp-2004-CNF/vangelder/cnf-color-shuffling-1/shuffling-1-s936521956-of-bench-sat04-318.used-as.sat04-459.cnf.gz,b6d83b152cd7f9a83c7993e29ca07faf,4630,4630,285,0,5200,27373,0,0.032
industrial/SAT-Comp-2004-CNF/vangelder/cnf-color-shuffling-2/shuffling-2-s1330526887-of-bench-sat04-320.used-as.sat04-596.cnf.gz,a645d7957fcf646e4cf6b03dc3f40885,4625,4625,570,0,5765,9615,0,0.017
industrial/SAT-Comp-2004-CNF/vangelder/cnf-color-shuffling-2/shuffling-2-s1519467671-of-bench-sat04-325.used-as.sat04-591.cnf.gz,cc626957c6e1d35ff668eba4d918a1f6,1011042,200000,30713,15943,261426,407529,1,2.437
industrial/SAT-Comp-2004-CNF/vangelder/cnf-color-shuffling-2/shuffling-2-s1616009971-of-bench-sat04-315.used-as.sat04-601.cnf.gz,8c46bef592131347948b909b98b03f7c,693640,200000,135630,29109,471260,599994,1,2.194
industrial/SAT-Comp-2004-CNF/vangelder/cnf-color-shuffling-2/shuffling-2-s1987109058-of-bench-sat04-322.used-as.sat04-594.cnf.gz,ad8a74842f68b2d9cd05b22e8a667afb,911719,200000,158064,61588,516128,610715,1,2.588
industrial/SAT-Comp-2004-CNF/vangelder/cnf-color-shuffling-2/shuffling-2-s307483067-of-bench-sat04-324.used-as.sat04-592.cnf.gz,ae382f9f49928720cccb331a20aa4eb6,469472,200000,109315,8111,418630,624211,1,1.74
industrial/SAT-Comp-2004-CNF/vangelder/cnf-color-shuffling-2/shuffling-2-s554396412-of-bench-sat04-318.used-as.sat04-598.cnf.gz,041ef0a56340a623c38e6b9012933624,4630,4630,285,0,5200,27373,0,0.035
industrial/SAT-Comp-2004-CNF/vangelder/cnf-color-shuffling-2/shuffling-2-s591390940-of-bench-sat04-314.used-as.sat04-602.cnf.gz,f640fe599f084f6602d08dcb7f0cc4b1,426860,200000,4665,6,209330,1199982,1,2.513
industrial/SAT-Comp-2004-CNF/vangelder/cnf-color-shuffling-2/shuffling-2-s603990491-of-bench-sat04-321.used-as.sat04-595.cnf.gz,33f07e224289d8a770bcf89c788b7689,481761,200000,13995,18,227990,404474,1,1.367
industrial/SAT-Comp-2004-CNF/vangelder/cnf-color-shuffling-2/shuffling-2-s638988020-of-bench-sat04-319.used-as.sat04-597.cnf.gz,f7fe244315e514f706d3f17cdedc6dbd,9915,9915,2550,0,15015,29638,0,0.045
industrial/SAT-Comp-2004-CNF/vangelder/cnf-color-shuffling-2/shuffling-2-s666499463-of-bench-sat04-323.used-as.sat04-593.cnf.gz,fac952676ef51e9d941c6a3518fbf010,1011975,200000,3553,1631,207106,2396771,1,6.935
industrial/SAT-Comp-2004-CNF/vangelder/cnf-color-shuffling-2/shuffling-2-s928541943-of-bench-sat04-316.used-as.sat04-600.cnf.gz,3569f831ea2326b7b5298998f0f4d079,428405,200000,12446,10,224892,404255,1,1.28
industrial/SAT-Comp-2004-CNF/vangelder/cnf-color/abb313GPIA-8-c.used-as.sat04-314.cnf.gz,6941e3ef1553cc912c75e0d2ebca789d,426860,200000,4665,6,209330,1199969,1,1.7
industrial/SAT-Comp-2004-CNF/vangelder/cnf-color/abb313GPIA-8-cn.used-as.sat04-315.cnf.gz,52a576d08b6790db71d96329c0510cda,693640,200000,135269,29470,470538,599990,1,1.764
industrial/SAT-Comp-2004-CNF/vangelder/cnf-color/abb313GPIA-8-tr.used-as.sat04-316.cnf.gz,a138149f98f1455e9d695df731708495,428405,200000,12446,10,224892,404433,1,1.024
industrial/SAT-Comp-2004-CNF/vangelder/cnf-color/abb313GPIA-9-cn.used-as.sat04-322.cnf.gz,6138f7105c5ca47833f064aebe698e23,911719,200000,157872,61780,515744,610791,1,2.129
industrial/SAT-Comp-2004-CNF/vangelder/cnf-color/abb313GPIA-9-tr.used-as.sat04-321.cnf.gz,6ff9258bfad28c93d8d68a17223c58d2,481761,200000,14002,11,228004,404607,1,1.119
industrial/SAT-Comp-2004-CNF/vangelder/cnf-color/inithx.i.1-c-54.used-as.sat04-323.cnf.gz,f3eb557060e9edb87ed0dffe95063a30,1011975,200000,3565,1619,207130,2396655,1,4.816
industrial/SAT-Comp-2004-CNF/vangelder/cnf-color/inithx.i.1-cn-54.used-as.sat04-324.cnf.gz,1b3dc499f2d33d5b2caefdf0f7f5b092,469472,200000,109296,8130,418592,624160,1,1.392
industrial/SAT-Comp-2004-CNF/vangelder/cnf-color/inithx.i.1-tr-54.used-as.sat04-325.cnf.gz,67aefa8887f9572f93bfefafc9069477,1011042,200000,31904,14752,263808,408971,1,2.007
industrial/SAT-Comp-2004-CNF/vangelder/cnf-color/myciel6-c.used-as.sat04-318.cnf.gz,fe452b79d2f0d74c28e51a1db382acf3,4630,4630,285,0,5200,27373,0,0.025
industrial/SAT-Comp-2004-CNF/vangelder/cnf-color/myciel6-cn.used-as.sat04-319.cnf.gz,482295be38dc1d63a16f3cf649ef7ef6,9915,9915,2550,0,15015,29638,0,0.039
industrial/SAT-Comp-2004-CNF/vangelder/cnf-color/myciel6-tr.used-as.sat04-320.cnf.gz,57f6d8a1bc0b33ce11e14507b6839f44,4625,4625,570,0,5765,9615,0,0.015
industrial/SAT-Comp-2004-CNF/velev/pipe-sat-1-1-shuffling-1/shuffling-1-s156786317-of-bench-sat04-722.used-as.sat04-735.cnf.gz,5fcf27aedf778159ac41a24a37575da6,4678757,200000,77713,61204,355426,596162,1,11.22
industrial/SAT-Comp-2004-CNF/velev/pipe-sat-1-1-shuffling-1/shuffling-1-s1667165673-of-bench-sat04-723.used-as.sat04-736.cnf.gz,16ec84d1dee90b4095d9e924d335ca4d,4675040,200000,77763,60800,355526,593946,1,11.373
industrial/SAT-Comp-2004-CNF/velev/pipe-sat-1-1-shuffling-1/shuffling-1-s1704429820-of-bench-sat04-721.used-as.sat04-734.cnf.gz,1fec79b65c5b3d10b6a2328c1a304d67,4678718,200000,78075,60843,356150,593041,1,10.936
industrial/SAT-Comp-2004-CNF/velev/pipe-sat-1-1-shuffling-1/shuffling-1-s1999993233-of-bench-sat04-725.used-as.sat04-738.cnf.gz,d4e38579868a3db77e307fc20caa6de1,4671352,200000,77887,60908,355774,590742,1,11.343
industrial/SAT-Comp-2004-CNF/velev/pipe-sat-1-1-shuffling-1/shuffling-1-s37489193-of-bench-sat04-720.used-as.sat04-733.cnf.gz,16d99da4c23739000f28cc664d9794e6,4678756,200000,77566,61351,355132,597038,1,11.746
industrial/SAT-Comp-2004-CNF/velev/pipe-sat-1-1-shuffling-1/shuffling-1-s396788833-of-bench-sat04-726.used-as.sat04-739.cnf.gz,fe946647b3fb7270befe8ab7544c094d,4678760,200000,77576,61342,355152,594659,1,11.184
industrial/SAT-Comp-2004-CNF/velev/pipe-sat-1-1-shuffling-1/shuffling-1-s57793011-of-bench-sat04-724.used-as.sat04-737.cnf.gz,24085934701c1459db776550a3584376,4678760,200000,77494,61424,354988,590505,1,11.155
industrial/SAT-Comp-2004-CNF/velev/pipe-sat-1-1-shuffling-1/shuffling-1-s580256948-of-bench-sat04-727.used-as.sat04-740.cnf.gz,14db8e9aab17fa88bde624ead120e3cc,4688614,200000,77575,61136,355150,592000,1,11.162
industrial/SAT-Comp-2004-CNF/velev/pipe-sat-1-1-shuffling-1/shuffling-1-s672513749-of-bench-sat04-729.used-as.sat04-742.cnf.gz,a181ab12d5295802d445ebab52d485e6,4678760,200000,77213,61705,354426,592559,1,10.984
industrial/SAT-Comp-2004-CNF/velev/pipe-sat-1-1-shuffling-1/shuffling-1-s889321446-of-bench-sat04-728.used-as.sat04-741.cnf.gz,d2d1fb679f1a172655bfb46345afe80f,4676007,200000,77450,61466,354900,597832,1,10.824
industrial/SAT-Comp-2004-CNF/velev/pipe-sat-1-1-shuffling-2/shuffling-2-s1151462259-of-bench-sat04-723.used-as.sat04-749.cnf.gz,3b280166c22bcfaf051aa52f48741033,4675040,200000,77918,60645,355836,595899,1,10.83
industrial/SAT-Comp-2004-CNF/velev/pipe-sat-1-1-shuffling-2/shuffling-2-s1338284274-of-bench-sat04-725.used-as.sat04-751.cnf.gz,a5a8138408bf154218b9e6890e3b7f54,4671352,200000,77665,61130,355330,597662,1,11.078
industrial/SAT-Comp-2004-CNF/velev/pipe-sat-1-1-shuffling-2/shuffling-2-s1460079743-of-bench-sat04-721.used-as.sat04-747.cnf.gz,cca3678b01b06494989488497575568f,4678718,200000,77825,61093,355650,586148,1,11.069
industrial/SAT-Comp-2004-CNF/velev/pipe-sat-1-1-shuffling-2/shuffling-2-s148068072-of-bench-sat04-726.used-as.sat04-752.cnf.gz,b95f86c28d0b47a378407235882ba6bf,4678760,200000,77904,61014,355808,590861,1,11.221
industrial/SAT-Comp-2004-CNF/velev/pipe-sat-1-1-shuffling-2/shuffling-2-s25242449-of-bench-sat04-727.used-as.sat04-753.cnf.gz,1427381a809c64c721838894ece6756d,4688614,200000,77534,61177,355068,598274,1,11.086
industrial/SAT-Comp-2004-CNF/velev/pipe-sat-1-1-shuffling-2/shuffling-2-s261218073-of-bench-sat04-724.used-as.sat04-750.cnf.gz,709fa71fcbe9f58f0696c723e9c5afce,4678760,200000,77616,61302,355232,591092,1,11.375
industrial/SAT-Comp-2004-CNF/velev/pipe-sat-1-1-shuffling-2/shuffling-2-s309728486-of-bench-sat04-729.used-as.sat04-755.cnf.gz,32c46927c832ff554d89cffce002efa2,4678760,200000,78046,60872,356092,590668,1,11.412
industrial/SAT-Comp-2004-CNF/velev/pipe-sat-1-1-shuffling-2/shuffling-2-s85307076-of-bench-sat04-728.used-as.sat04-754.cnf.gz,c4219632ea30fad03b17b33376ffcd37,4676007,200000,77887,61029,355774,600329,1,11.45
industrial/SAT-Comp-2004-CNF/velev/pipe-sat-1-1-shuffling-2/shuffling-2-s91505816-of-bench-sat04-722.used-as.sat04-748.cnf.gz,7b692e8c0c7a536f75b80f2f3dbf59d9,4678757,200000,77447,61470,354894,592931,1,11.02
industrial/SAT-Comp-2004-CNF/velev/pipe-sat-1-1-shuffling-2/shuffling-2-s957167688-of-bench-sat04-720.used-as.sat04-746.cnf.gz,a22d5b74b07ca2201d73bb14a3cdb772,4678756,200000,77483,61434,354966,595553,1,10.772
industrial/SAT-Comp-2004-CNF/velev/pipe-sat-1-1/12pipe_bug10_q0.used-as.sat04-729.cnf.gz,aec3684291f0223c7f6d1dca47e2ccf7,4678760,200000,77879,61039,355758,591602,1,8.469
industrial/SAT-Comp-2004-CNF/velev/pipe-sat-1-1/12pipe_bug1_q0.used-as.sat04-720.cnf.gz,462e4c51cd56c9c06478b8baf026e669,4678756,200000,77915,61002,355830,587836,1,8.503
industrial/SAT-Comp-2004-CNF/velev/pipe-sat-1-1/12pipe_bug2_q0.used-as.sat04-721.cnf.gz,25cd26f4119ae9f572b5f9817344a21f,4678718,200000,77890,61028,355780,594344,1,8.473
industrial/SAT-Comp-2004-CNF/velev/pipe-sat-1-1/12pipe_bug3_q0.used-as.sat04-722.cnf.gz,34b2d0a7df10b23d9929f2bede05769d,4678757,200000,77862,61055,355724,596079,1,8.411
industrial/SAT-Comp-2004-CNF/velev/pipe-sat-1-1/12pipe_bug4_q0.used-as.sat04-723.cnf.gz,10b350de2bd98589f455af8ae8f7d398,4675040,200000,77701,60862,355402,595470,1,8.434
industrial/SAT-Comp-2004-CNF/velev/pipe-sat-1-1/12pipe_bug5_q0.used-as.sat04-724.cnf.gz,d0cfcfaff439029a7c143adede13a241,4678760,200000,77879,61039,355758,591602,1,8.41
industrial/SAT-Comp-2004-CNF/velev/pipe-sat-1-1/12pipe_bug6_q0.used-as.sat04-725.cnf.gz,ef776ff58b6c0be74c0d77f8ad7b3923,4671352,200000,77727,61068,355454,590173,1,8.819
industrial/SAT-Comp-2004-CNF/velev/pipe-sat-1-1/12pipe_bug7_q0.used-as.sat04-726.cnf.gz,0baf01d658e8ba1a73915c2360fd2407,4678760,200000,77879,61039,355758,591602,1,8.617
industrial/SAT-Comp-2004-CNF/velev/pipe-sat-1-1/12pipe_bug8_q0.used-as.sat04-727.cnf.gz,e4b78d5af60848d2c451486296700721,4688614,200000,78089,60622,356178,600635,1,8.451
industrial/SAT-Comp-2004-CNF/velev/pipe-sat-1-1/12pipe_bug9_q0.used-as.sat04-728.cnf.gz,369e43b21ec5bf07cf21ae24f60c470a,4676007,200000,77867,61049,355734,593290,1,8.164
industrial/SAT-Comp-2004-CNF/velev/vliw_unsat_2.0-shuffling-1/shuffling-1-s1322003189-of-bench-sat04-344.used-as.sat04-483.cnf.gz,1efa5605501a8e26277b9a8a65bb1fa1,968295,200000,62390,7399,324780,576886,1,2.811
industrial/SAT-Comp-2004-CNF/velev/vliw_unsat_2.0-shuffling-1/shuffling-1-s1519120721-of-bench-sat04-718.used-as.sat04-731.cnf.gz,3c6213797b04ab9d8b4a85359ed07348,7170909,200000,162110,209309,524220,581230,1,16.622
industrial/SAT-Comp-2004-CNF/velev/vliw_unsat_2.0-shuffling-1/shuffling-1-s1613721304-of-bench-sat04-345.used-as.sat04-484.cnf.gz,e03742d55b89a7388b1c0f105612fb19,1598301,200000,85002,21011,370004,573662,1,4.341
industrial/SAT-Comp-2004-CNF/velev/vliw_unsat_2.0-shuffling-1/shuffling-1-s1615066517-of-bench-sat04-717.used-as.sat04-730.cnf.gz,52cc82bd5da7dac49097569dea3336a2,261473,200000,24480,124,248960,569312,1,1.111
industrial/SAT-Comp-2004-CNF/velev/vliw_unsat_2.0-shuffling-1/shuffling-1-s580450786-of-bench-sat04-719.used-as.sat04-732.cnf.gz,208493ac024b007607863a6c851a0b6f,9676386,200000,176705,305388,553410,579947,1,22.496
industrial/SAT-Comp-2004-CNF/velev/vliw_unsat_2.0-shuffling-1/shuffling-1-s833081156-of-bench-sat04-343.used-as.sat04-482.cnf.gz,6ba14f60b552076980aa1568e4150662,542253,200000,42172,1923,284344,571531,1,1.919
industrial/SAT-Comp-2004-CNF/velev/vliw_unsat_2.0-shuffling-1/shuffling-1-s849090124-of-bench-sat04-347.used-as.sat04-486.cnf.gz,3eda509dd939bc7cf0e3f72b1c9ef1a1,3634677,200000,125887,83837,451774,579050,1,8.911
industrial/SAT-Comp-2004-CNF/velev/vliw_unsat_2.0-shuffling-1/shuffling-1-s997857548-of-bench-sat04-346.used-as.sat04-485.cnf.gz,a13f4526261cfc5f1c15c716ebde65ae,2465731,200000,106180,45489,412360,580859,1,6.378
industrial/SAT-Comp-2004-CNF/velev/vliw_unsat_2.0-shuffling-2/shuffling-2-s1246940670-of-bench-sat04-717.used-as.sat04-743.cnf.gz,cf7e3aa713a4733d0ebb53c79ac39d43,261473,200000,24493,111,248986,571909,1,1.084
industrial/SAT-Comp-2004-CNF/velev/vliw_unsat_2.0-shuffling-2/shuffling-2-s1548269416-of-bench-sat04-346.used-as.sat04-624.cnf.gz,2990a988ad038b3042c99ae04fe67aa2,2465731,200000,106307,45362,412614,579839,1,6.138
industrial/SAT-Comp-2004-CNF/velev/vliw_unsat_2.0-shuffling-2/shuffling-2-s1560502144-of-bench-sat04-719.used-as.sat04-745.cnf.gz,54ddb1832352814644ceb03c31cad22e,9676386,200000,177119,304974,554238,586446,1,23.131
industrial/SAT-Comp-2004-CNF/velev/vliw_unsat_2.0-shuffling-2/shuffling-2-s1616118883-of-bench-sat04-718.used-as.sat04-744.cnf.gz,85bcea9916a558523a9b90394fe8c79d,7170909,200000,162000,209419,524000,580247,1,17.085
industrial/SAT-Comp-2004-CNF/velev/vliw_unsat_2.0-shuffling-2/shuffling-2-s1643341322-of-bench-sat04-345.used-as.sat04-623.cnf.gz,74901d98fbe8772169042d627abc4061,1598301,200000,84729,21284,369458,577686,1,4.324
industrial/SAT-Comp-2004-CNF/velev/vliw_unsat_2.0-shuffling-2/shuffling-2-s382766827-of-bench-sat04-343.used-as.sat04-621.cnf.gz,f80b5e694f5d2eab1a51eedf062a9590,542253,200000,42143,1952,284286,574420,1,1.838
industrial/SAT-Comp-2004-CNF/velev/vliw_unsat_2.0-shuffling-2/shuffling-2-s515884951-of-bench-sat04-344.used-as.sat04-622.cnf.gz,47e6769f62c9c8b94588865d0dcc5aec,968295,200000,62356,7433,324712,574415,1,2.979
industrial/SAT-Comp-2004-CNF/velev/vliw_unsat_2.0-shuffling-2/shuffling-2-s954929066-of-bench-sat04-347.used-as.sat04-625.cnf.gz,d11b1d43c232f71d83632c05babdfb91,3634677,200000,126653,83071,453306,581552,1,9.293
industrial/SAT-Comp-2004-CNF/velev/vliw_unsat_2.0/9dlx_vliw_at_b_iq1.used-as.sat04-717.cnf.gz,fb93afec96026b3d0c96ae23f36533c9,261473,200000,24476,128,248952,568226,1,0.88
industrial/SAT-Comp-2004-CNF/velev/vliw_unsat_2.0/9dlx_vliw_at_b_iq2.used-as.sat04-343.cnf.gz,796c6ecfe965efbad4311b49f6e49642,542253,200000,42134,1961,284268,574744,1,1.379
industrial/SAT-Comp-2004-CNF/velev/vliw_unsat_2.0/9dlx_vliw_at_b_iq3.used-as.sat04-344.cnf.gz,2872e9affd3de488726b2732c77a9340,968295,200000,62522,7267,325044,580320,1,2.398
industrial/SAT-Comp-2004-CNF/velev/vliw_unsat_2.0/9dlx_vliw_at_b_iq6.used-as.sat04-347.cnf.gz,b344f80cef9889d952c76736d0ad92d9,3634677,200000,126211,83513,452422,578407,1,6.694
industrial/SAT-Comp-2005-CNF/grieu05/vmpc/vmpc_21.renamed-as.sat05-1923.cnf.gz,2ca45059bddd612a5b6a3ce1fa903c04,45339,45339,441,0,46221,119070,0,0.164
industrial/SAT-Comp-2005-CNF/grieu05/vmpc/vmpc_21.shuffled-as.sat05-1955.cnf.gz,5bfc79df8a6890db6beb8b6d9c3db028,45339,45339,441,0,46221,119070,0,0.191
industrial/SAT-Comp-2005-CNF/grieu05/vmpc/vmpc_22.renamed-as.sat05-1924.cnf.gz,ea3ed0c245a3b1ecd18484a8b70088d7,52184,52184,484,0,53152,136994,0,0.193
industrial/SAT-Comp-2005-CNF/grieu05/vmpc/vmpc_22.shuffled-as.sat05-1956.cnf.gz,430ea7b80a96824380cd1d1e649cc5ea,52184,52184,484,0,53152,136994,0,0.22
industrial/SAT-Comp-2005-CNF/grieu05/vmpc/vmpc_23.renamed-as.sat05-1927.cnf.gz,d6225b558573881fef17b6f64f4bf044,59685,59685,529,0,60743,156630,0,0.218
industrial/SAT-Comp-2005-CNF/grieu05/vmpc/vmpc_23.shuffled-as.sat05-1959.cnf.gz,c5dbdd112be5e90c3033dfb361816b3d,59685,59685,529,0,60743,156630,0,0.257
industrial/SAT-Comp-2005-CNF/grieu05/vmpc/vmpc_24.shuffled-as.sat05-1944.cnf.gz,f9246fd6fd1e617b3e71798543df32f7,67872,67872,576,0,69024,178056,0,0.28
industrial/SAT-Comp-2005-CNF/grieu05/vmpc/vmpc_25.shuffled-as.sat05-1945.cnf.gz,9ef46b401df36e4110d09c4f60a13ad4,76775,76775,625,0,78025,201350,0,0.318
industrial/SAT-Comp-2005-CNF/grieu05/vmpc/vmpc_26.shuffled-as.sat05-1946.cnf.gz,753c9ef4667230d97f4c26307df9e817,86424,86424,676,0,87776,226590,0,0.566
industrial/SAT-Comp-2005-CNF/grieu05/vmpc/vmpc_27.shuffled-as.sat05-1947.cnf.gz,4acce7e8d15404b589d91918d40a13af,96849,96849,729,0,98307,253854,0,0.402
industrial/SAT-Comp-2005-CNF/grieu05/vmpc/vmpc_28.shuffled-as.sat05-1957.cnf.gz,00f4aca773e5675f35263dcd46b15bde,108080,108080,784,0,109648,283220,0,0.451
industrial/SAT-Comp-2005-CNF/grieu05/vmpc/vmpc_29.shuffled-as.sat05-1948.cnf.gz,3936bd75d426c2b19d249054d8f039a8,120147,120147,841,0,121829,314766,0,0.512
industrial/SAT-Comp-2005-CNF/grieu05/vmpc/vmpc_30.shuffled-as.sat05-1949.cnf.gz,83c30dff9f93f569f6bab85d9305c76a,133080,133080,900,0,134880,348570,0,0.547
industrial/SAT-Comp-2005-CNF/grieu05/vmpc/vmpc_31.shuffled-as.sat05-1950.cnf.gz,d0b102e5677332985c0583d89df07593,146909,146909,961,0,148831,384710,0,0.659
industrial/SAT-Comp-2005-CNF/grieu05/vmpc/vmpc_32.shuffled-as.sat05-1951.cnf.gz,df46bc9454a43c39d536e4595c5bed40,161664,161664,1024,0,163712,423264,0,0.707
industrial/SAT-Comp-2005-CNF/grieu05/vmpc/vmpc_33.shuffled-as.sat05-1952.cnf.gz,cf7401f16fb9e583175d8e8435595514,177375,177375,1089,0,179553,464310,0,0.738
industrial/SAT-Comp-2005-CNF/grieu05/vmpc/vmpc_34.shuffled-as.sat05-1958.cnf.gz,d698230878736813e4612dbd9e7db4d0,194072,194072,1156,0,196384,507926,0,0.797
industrial/SAT-Comp-2005-CNF/grieu05/vmpc/vmpc_35.renamed-as.sat05-1921.cnf.gz,a913a2365c8167b9ddbc1e11afbab314,211785,200000,1225,0,202450,523357,1,0.857
industrial/SAT-Comp-2005-CNF/grieu05/vmpc/vmpc_35.shuffled-as.sat05-1953.cnf.gz,fea987ce4106e57080a9d314f4718b8c,211785,200000,1225,0,202450,523343,1,0.919
industrial/SAT-Comp-2005-CNF/grieu05/vmpc/vmpc_36.renamed-as.sat05-1922.cnf.gz,b8ae7c7e2e2cfc69998ff1e510fc2afc,230544,200000,1296,0,202592,523190,1,0.823
industrial/SAT-Comp-2005-CNF/grieu05/vmpc/vmpc_36.shuffled-as.sat05-1954.cnf.gz,6dfbcfdd1ca6377a961f212deff6c70c,230544,200000,1296,0,202592,523216,1,0.905
industrial/SAT-Comp-2005-CNF/maris05/Depots/depots1_ks99i.renamed-as.sat05-3943.cnf.gz,41486ea32ba4f776817167cccac4657f,496,496,161,0,818,1021,0,0.003
industrial/SAT-Comp-2005-CNF/maris05/Depots/depots1_ks99i.shuffled-as.sat05-4010.cnf.gz,e49c4ddca033e9ef17a4491404c26de2,496,496,161,0,818,1021,0,0.003
industrial/SAT-Comp-2005-CNF/maris05/Depots/depots1_v01a.renamed-as.sat05-3946.cnf.gz,7e19f295d35c30ac4d5386ffec1fcf28,153,153,48,0,249,328,0,0.001
industrial/SAT-Comp-2005-CNF/maris05/Depots/depots1_v01a.shuffled-as.sat05-4013.cnf.gz,0ef68fc7aa6f2bc7fb74ada9d865da06,153,153,48,0,249,328,0,0.001
industrial/SAT-Comp-2005-CNF/maris05/Depots/depots1_v01i.renamed-as.sat05-3947.cnf.gz,78d8140d9ecf62492911a1ec73a06212,401,401,90,0,581,879,0,0.002
industrial/SAT-Comp-2005-CNF/maris05/Depots/depots1_v01i.shuffled-as.sat05-4014.cnf.gz,b21c1786dc3083abfd9c217854bbefea,401,401,90,0,581,879,0,0.002
industrial/SAT-Comp-2005-CNF/maris05/Depots/depots2_ks99i.renamed-as.sat05-3944.cnf.gz,d795349b7b01cc661cc3f682acd4afa7,10100,10100,820,0,11740,20674,0,0.032
industrial/SAT-Comp-2005-CNF/maris05/Depots/depots2_ks99i.shuffled-as.sat05-4011.cnf.gz,faf3f6eb845fe9f286cdef8556576318,10100,10100,820,0,11740,20674,0,0.036
industrial/SAT-Comp-2005-CNF/maris05/Depots/depots2_v01a.renamed-as.sat05-3948.cnf.gz,482bb6ba5fa5d4ea00b38e33510d43c2,3587,3587,290,0,4167,8087,0,0.012
industrial/SAT-Comp-2005-CNF/maris05/Depots/depots2_v01a.shuffled-as.sat05-4015.cnf.gz,59d871881d2f93ce02c93a81add2a669,3587,3587,290,0,4167,8087,0,0.013
industrial/SAT-Comp-2005-CNF/maris05/Depots/depots2_v01i.renamed-as.sat05-3949.cnf.gz,af8d0f51b19fa5ecfe833742f39c61c9,9780,9780,532,0,10844,22029,0,0.032
industrial/SAT-Comp-2005-CNF/maris05/Depots/depots2_v01i.shuffled-as.sat05-4016.cnf.gz,c445f7d9b3b2516e12fb978893b63a44,9780,9780,532,0,10844,22029,0,0.037
industrial/SAT-Comp-2005-CNF/maris05/Depots/depots3_ks99i.shuffled-as.sat05-4012.cnf.gz,d11f9a1e8e0d510e84acf7065599883f,27444,27444,1037,0,29518,55552,0,0.095
industrial/SAT-Comp-2005-CNF/maris05/Depots/depots3_v01a.renamed-as.sat05-3950.cnf.gz,06385be5ecfc7df22b2c956093cef85f,75738,75738,1498,0,78734,176525,0,0.25
industrial/SAT-Comp-2005-CNF/maris05/Depots/depots3_v01a.shuffled-as.sat05-4017.cnf.gz,9d4db989d4f235be21a14ec4ad494ddd,75738,75738,1498,0,78734,176525,0,0.284
industrial/SAT-Comp-2005-CNF/maris05/DriverLog/driverlog1_ks99i.shuffled-as.sat05-4018.cnf.gz,8e0dd5c191f74cd38e2d6b306a889cc9,588,588,207,0,1002,1221,0,0.004
industrial/SAT-Comp-2005-CNF/maris05/DriverLog/driverlog1_v01a.renamed-as.sat05-3959.cnf.gz,de9bd34a5878463915cd46541d047461,489,489,128,0,745,1084,0,0.003
industrial/SAT-Comp-2005-CNF/maris05/DriverLog/driverlog1_v01i.renamed-as.sat05-3960.cnf.gz,f11bc18eee7bc8d4150ff0c8e5da8de3,493,493,128,0,749,1092,0,0.003
industrial/SAT-Comp-2005-CNF/maris05/DriverLog/driverlog2_ks99i.renamed-as.sat05-3952.cnf.gz,9630be1453f8d910cf49e05fec0ec7c9,16682,16682,1021,0,18724,33914,0,0.053
industrial/SAT-Comp-2005-CNF/maris05/DriverLog/driverlog2_ks99i.shuffled-as.sat05-4019.cnf.gz,0bd2c7b1f17c160b40be0ddd2846e1e3,16682,16682,1021,0,18724,33914,0,0.059
industrial/SAT-Comp-2005-CNF/maris05/DriverLog/driverlog2_v01a.renamed-as.sat05-3961.cnf.gz,06a36581f14e399a76a5110449ebe739,12762,12762,642,0,14046,27996,0,0.043
industrial/SAT-Comp-2005-CNF/maris05/DriverLog/driverlog2_v01a.shuffled-as.sat05-4028.cnf.gz,8109b144b3229d0e934382fa23c9dc44,12762,12762,642,0,14046,27996,0,0.048
industrial/SAT-Comp-2005-CNF/maris05/DriverLog/driverlog2_v01i.renamed-as.sat05-3962.cnf.gz,ff0c65ab3ab4b570d16b9007093295ca,16401,16401,763,0,17927,35987,0,0.053
industrial/SAT-Comp-2005-CNF/maris05/DriverLog/driverlog2_v01i.shuffled-as.sat05-4029.cnf.gz,8bc827a04706f235a82de54d0b30c4ab,16401,16401,763,0,17927,35987,0,0.061
industrial/SAT-Comp-2005-CNF/maris05/DriverLog/driverlog3_ks99i.renamed-as.sat05-3953.cnf.gz,17984e46b3a82eec5fc5954f434f5b55,8130,8130,592,0,9314,16524,0,0.026
industrial/SAT-Comp-2005-CNF/maris05/DriverLog/driverlog3_ks99i.shuffled-as.sat05-4020.cnf.gz,ac5b2158ad4fa98f8ca191179ce4912a,8130,8130,592,0,9314,16524,0,0.029
industrial/SAT-Comp-2005-CNF/maris05/DriverLog/driverlog3_v01a.renamed-as.sat05-3963.cnf.gz,91383b18fef9dd07282efb869fba3f66,1559,1559,170,0,1899,3331,0,0.006
industrial/SAT-Comp-2005-CNF/maris05/DriverLog/driverlog3_v01a.shuffled-as.sat05-4030.cnf.gz,1169b7c01112d97a6835d259052284ba,1559,1559,170,0,1899,3331,0,0.006
industrial/SAT-Comp-2005-CNF/maris05/DriverLog/driverlog3_v01i.renamed-as.sat05-3964.cnf.gz,6f50de5acf3a0343b00e1c9f1127b929,7940,7940,420,0,8780,17110,0,0.025
industrial/SAT-Comp-2005-CNF/maris05/DriverLog/driverlog3_v01i.shuffled-as.sat05-4031.cnf.gz,4f201c6a2c5070ea4ad0b912c0421f62,7940,7940,420,0,8780,17110,0,0.03
industrial/SAT-Comp-2005-CNF/maris05/DriverLog/driverlog4_ks99i.renamed-as.sat05-3954.cnf.gz,b0efce8ba0b12f808d74cf0f71bab9ed,16394,16394,920,0,18234,33259,0,0.055
industrial/SAT-Comp-2005-CNF/maris05/DriverLog/driverlog4_ks99i.shuffled-as.sat05-4021.cnf.gz,4483f9654fdf809f93ded32e47cea3d3,16394,16394,920,0,18234,33259,0,0.057
industrial/SAT-Comp-2005-CNF/maris05/DriverLog/driverlog4_v01a.renamed-as.sat05-3965.cnf.gz,6022c4c65e8e8d86345900ecc31942b2,4983,4983,325,0,5633,10742,0,0.016
industrial/SAT-Comp-2005-CNF/maris05/DriverLog/driverlog4_v01a.shuffled-as.sat05-4032.cnf.gz,e9fb9dba7da6f035f015652326a3ae59,4983,4983,325,0,5633,10742,0,0.018
industrial/SAT-Comp-2005-CNF/maris05/DriverLog/driverlog4_v01i.renamed-as.sat05-3966.cnf.gz,ef743174c7225ab64be6694aa351e1b3,16124,16124,679,0,17482,35287,0,0.052
industrial/SAT-Comp-2005-CNF/maris05/DriverLog/driverlog4_v01i.shuffled-as.sat05-4033.cnf.gz,94b133e594be601e22c0e1570cfd1a75,16124,16124,679,0,17482,35287,0,0.06
industrial/SAT-Comp-2005-CNF/maris05/DriverLog/driverlog5_ks99i.renamed-as.sat05-3955.cnf.gz,370959cec84a1da734d3554b046762b6,26562,26562,1217,0,28996,53769,0,0.085
industrial/SAT-Comp-2005-CNF/maris05/DriverLog/driverlog5_ks99i.shuffled-as.sat05-4022.cnf.gz,7314d9404b4a762965dc48cd5ff14749,26562,26562,1217,0,28996,53769,0,0.093
industrial/SAT-Comp-2005-CNF/maris05/DriverLog/driverlog5_v01a.renamed-as.sat05-3967.cnf.gz,c6932ca50271a76870f8f116ad7eb0b6,4551,4551,285,0,5121,9603,0,0.015
industrial/SAT-Comp-2005-CNF/maris05/DriverLog/driverlog5_v01a.shuffled-as.sat05-4034.cnf.gz,a56addcb6a1dffaf3d06d0281dc558c4,4551,4551,285,0,5121,9603,0,0.017
industrial/SAT-Comp-2005-CNF/maris05/DriverLog/driverlog6_ks99i.renamed-as.sat05-3956.cnf.gz,a3e38c27d6d1d21b315da0c4ea454b2a,6338,6338,567,0,7472,12875,0,0.021
industrial/SAT-Comp-2005-CNF/maris05/DriverLog/driverlog6_ks99i.shuffled-as.sat05-4023.cnf.gz,5a0f1c50a905506a63594c927c566e11,6338,6338,567,0,7472,12875,0,0.022
industrial/SAT-Comp-2005-CNF/maris05/DriverLog/driverlog6_v01a.renamed-as.sat05-3968.cnf.gz,11f42e0d5ec5000614a12daeb322ba49,5941,5941,392,0,6725,12569,0,0.019
industrial/SAT-Comp-2005-CNF/maris05/DriverLog/driverlog6_v01a.shuffled-as.sat05-4035.cnf.gz,1ff9a4b97630391f236dd088d56447a3,5941,5941,392,0,6725,12569,0,0.022
industrial/SAT-Comp-2005-CNF/maris05/DriverLog/driverlog7_ks99i.renamed-as.sat05-3957.cnf.gz,dbcc7702b170575ad6593655823344d3,25184,25184,1033,0,27250,50852,0,0.081
industrial/SAT-Comp-2005-CNF/maris05/DriverLog/driverlog7_ks99i.shuffled-as.sat05-4024.cnf.gz,5c356f123206d39b8dc68bbaac906562,25184,25184,1033,0,27250,50852,0,0.089
industrial/SAT-Comp-2005-CNF/maris05/DriverLog/driverlog7_v01a.renamed-as.sat05-3969.cnf.gz,d6beea38948bfaa7972ff01d7ac60ae3,12402,12402,475,0,13352,25769,0,0.041
industrial/SAT-Comp-2005-CNF/maris05/DriverLog/driverlog7_v01a.shuffled-as.sat05-4036.cnf.gz,66a1f530c185e09dc920e5ee57c8f6b1,12402,12402,475,0,13352,25769,0,0.045
industrial/SAT-Comp-2005-CNF/maris05/DriverLog/driverlog8_ks99i.renamed-as.sat05-3958.cnf.gz,faab69abd3d73c1c1cd546b39ca49613,42437,42437,1448,0,45333,85625,0,0.138
industrial/SAT-Comp-2005-CNF/maris05/DriverLog/driverlog8_ks99i.shuffled-as.sat05-4025.cnf.gz,267af66281a78674c63e3b745b1ece66,42437,42437,1448,0,45333,85625,0,0.147
industrial/SAT-Comp-2005-CNF/maris05/DriverLog/driverlog8_v01a.renamed-as.sat05-3970.cnf.gz,c84520bca28354a6a5e6d2443bba59e0,31012,31012,797,0,32606,64602,0,0.1
industrial/SAT-Comp-2005-CNF/maris05/DriverLog/driverlog8_v01a.shuffled-as.sat05-4037.cnf.gz,291b081205da454fde95a69f36d3a54a,31012,31012,797,0,32606,64602,0,0.112
industrial/SAT-Comp-2005-CNF/maris05/Ferry/ferry10_ks99a.renamed-as.sat05-3992.cnf.gz,5f3042793127010ea9f496a8f40ab8a0,29041,29041,1977,0,32995,59135,0,0.092
industrial/SAT-Comp-2005-CNF/maris05/Ferry/ferry10_ks99a.shuffled-as.sat05-4059.cnf.gz,bd45768806383cd306b10e026790594f,29041,29041,1977,0,32995,59135,0,0.101
industrial/SAT-Comp-2005-CNF/maris05/Ferry/ferry10_v01a.renamed-as.sat05-3993.cnf.gz,0a7555a2a68abdd45b80a8db1a919a6a,28371,28371,1350,0,31071,66258,0,0.095
industrial/SAT-Comp-2005-CNF/maris05/Ferry/ferry10_v01a.shuffled-as.sat05-4060.cnf.gz,f9ec22771189072b2951b03042b30a60,28371,28371,1350,0,31071,66258,0,0.109
industrial/SAT-Comp-2005-CNF/maris05/Ferry/ferry5_ks99i.renamed-as.sat05-3994.cnf.gz,c3fe64d292c1a5d630e17069ef9acc79,8702,8702,984,0,10670,17900,0,0.029
industrial/SAT-Comp-2005-CNF/maris05/Ferry/ferry5_ks99i.shuffled-as.sat05-4061.cnf.gz,38f362a93a04dfef30804527986973d3,8702,8702,984,0,10670,17900,0,0.031
industrial/SAT-Comp-2005-CNF/maris05/Ferry/ferry5_v01i.renamed-as.sat05-3995.cnf.gz,83980f552b5e39ba31ed2d71a184d57b,8360,8360,665,0,9690,19517,0,0.028
industrial/SAT-Comp-2005-CNF/maris05/Ferry/ferry5_v01i.shuffled-as.sat05-4062.cnf.gz,bc81d37da9a27542ea7e97f1097c3ec5,8360,8360,665,0,9690,19517,0,0.034
industrial/SAT-Comp-2005-CNF/maris05/Ferry/ferry6_ks99a.renamed-as.sat05-3996.cnf.gz,ab053b519d1fadc35a5a1c3c77aba676,6661,6661,701,0,8063,13663,0,0.022
industrial/SAT-Comp-2005-CNF/maris05/Ferry/ferry6_ks99a.shuffled-as.sat05-4063.cnf.gz,1f7e236253031580d95de12d3c92dc13,6661,6661,701,0,8063,13663,0,0.024
industrial/SAT-Comp-2005-CNF/maris05/Ferry/ferry6_ks99i.renamed-as.sat05-3997.cnf.gz,a822ae16f8c6576eb1aa8f004142dd40,14495,14495,1425,0,17345,29731,0,0.046
industrial/SAT-Comp-2005-CNF/maris05/Ferry/ferry6_ks99i.shuffled-as.sat05-4064.cnf.gz,faba4e21127d5c9aa6b1edf78853fbda,14495,14495,1425,0,17345,29731,0,0.051
industrial/SAT-Comp-2005-CNF/maris05/Ferry/ferry6_v01a.renamed-as.sat05-3998.cnf.gz,bf98b225d34a293bb9d10f588e2653a9,6403,6403,470,0,7343,14958,0,0.021
industrial/SAT-Comp-2005-CNF/maris05/Ferry/ferry6_v01a.shuffled-as.sat05-4065.cnf.gz,ad0f72986f725741b100920bb07f5ea4,6403,6403,470,0,7343,14958,0,0.026
industrial/SAT-Comp-2005-CNF/maris05/Ferry/ferry6_v01i.renamed-as.sat05-3999.cnf.gz,4f3548ea9da285dc9efa5c174b5291dd,14012,14012,969,0,15950,32710,0,0.046
industrial/SAT-Comp-2005-CNF/maris05/Ferry/ferry6_v01i.shuffled-as.sat05-4066.cnf.gz,bffb7ad751adc017acaf3bcce03c1111,14012,14012,969,0,15950,32710,0,0.055
industrial/SAT-Comp-2005-CNF/maris05/Ferry/ferry7_ks99a.renamed-as.sat05-4000.cnf.gz,dca8632ab34c9e98061f8af37aa3534a,10387,10387,960,0,12307,21257,0,0.033
industrial/SAT-Comp-2005-CNF/maris05/Ferry/ferry7_ks99a.shuffled-as.sat05-4067.cnf.gz,54f114bb254f6f886b82f05882926308,10387,10387,960,0,12307,21257,0,0.036
industrial/SAT-Comp-2005-CNF/maris05/Ferry/ferry7_ks99i.renamed-as.sat05-4001.cnf.gz,9654f68ba29003516cfcb146cec60f46,22336,22336,1946,0,26228,45706,0,0.071
industrial/SAT-Comp-2005-CNF/maris05/Ferry/ferry7_ks99i.shuffled-as.sat05-4068.cnf.gz,5f7a2d97e713941c8f62b2e8d5ff5f0c,22336,22336,1946,0,26228,45706,0,0.08
industrial/SAT-Comp-2005-CNF/maris05/Ferry/ferry7_v01a.renamed-as.sat05-4002.cnf.gz,ba093c6ed285bf1e5643ca761cf8b8b2,10044,10044,648,0,11340,23469,0,0.048
industrial/SAT-Comp-2005-CNF/maris05/Ferry/ferry7_v01a.shuffled-as.sat05-4069.cnf.gz,e9c650b71e13274781c56e0d0996d275,10044,10044,648,0,11340,23469,0,0.039
industrial/SAT-Comp-2005-CNF/maris05/Ferry/ferry7_v01i.renamed-as.sat05-4003.cnf.gz,151a12771ab52c3b85df72a3d1f7f32d,21688,21688,1329,0,24346,50617,0,0.071
industrial/SAT-Comp-2005-CNF/maris05/Ferry/ferry7_v01i.shuffled-as.sat05-4070.cnf.gz,fdcc48ed0ca3c509cb71b636f4a64cdf,21688,21688,1329,0,24346,50617,0,0.082
industrial/SAT-Comp-2005-CNF/maris05/Ferry/ferry8_ks99a.renamed-as.sat05-4004.cnf.gz,2b79d33628be6f5c5a3ccc22209fd405,15259,15259,1259,0,17777,31167,0,0.05
industrial/SAT-Comp-2005-CNF/maris05/Ferry/ferry8_ks99a.shuffled-as.sat05-4071.cnf.gz,9dd18fb3553cf393e28c1ca3aca2336b,15259,15259,1259,0,17777,31167,0,0.054
industrial/SAT-Comp-2005-CNF/maris05/Ferry/ferry8_ks99i.renamed-as.sat05-4005.cnf.gz,578f9377bfbfcc6ea3a18eb630667956,32525,32525,2547,0,37619,66425,0,0.103
industrial/SAT-Comp-2005-CNF/maris05/Ferry/ferry8_ks99i.shuffled-as.sat05-4072.cnf.gz,ad3ac62501d0f149826aa91b33e6d99d,32525,32525,2547,0,37619,66425,0,0.158
industrial/SAT-Comp-2005-CNF/maris05/Ferry/ferry8_v01a.renamed-as.sat05-4006.cnf.gz,f54de5fbabb6644bf3c12da6c1c8ef59,14819,14819,854,0,16527,34624,0,0.048
industrial/SAT-Comp-2005-CNF/maris05/Ferry/ferry8_v01a.shuffled-as.sat05-4073.cnf.gz,0d469f1798ea769cf279c9ae32fda704,14819,14819,854,0,16527,34624,0,0.056
industrial/SAT-Comp-2005-CNF/maris05/Ferry/ferry8_v01i.renamed-as.sat05-4007.cnf.gz,94fab1e70331781adbb87122b17c3b99,31688,31688,1745,0,35178,73934,0,0.104
industrial/SAT-Comp-2005-CNF/maris05/Ferry/ferry8_v01i.shuffled-as.sat05-4074.cnf.gz,bccbc06e6489f33757576c8a066b8410,31688,31688,1745,0,35178,73934,0,0.118
industrial/SAT-Comp-2005-CNF/maris05/Ferry/ferry9_ks99a.renamed-as.sat05-4008.cnf.gz,53f7ea54008d7f0496e8f8d8f906bea7,21427,21427,1598,0,24623,43693,0,0.07
industrial/SAT-Comp-2005-CNF/maris05/Ferry/ferry9_ks99a.shuffled-as.sat05-4075.cnf.gz,a08d3e023351c057394ab34512fe1030,21427,21427,1598,0,24623,43693,0,0.075
industrial/SAT-Comp-2005-CNF/maris05/Ferry/ferry9_v01a.renamed-as.sat05-4009.cnf.gz,20591b26327456307f9df4a314566d9b,20878,20878,1088,0,23054,48771,0,0.071
industrial/SAT-Comp-2005-CNF/maris05/Ferry/ferry9_v01a.shuffled-as.sat05-4076.cnf.gz,8b23de7cf91e99dbc4ab8039761a93a8,20878,20878,1088,0,23054,48771,0,0.081
industrial/SAT-Comp-2005-CNF/maris05/Rovers/rovers1_ks99i.renamed-as.sat05-3971.cnf.gz,36c342091848d5d6a1a8eeb3a8b49b86,5423,5423,439,0,6301,11108,0,0.018
industrial/SAT-Comp-2005-CNF/maris05/Rovers/rovers1_ks99i.shuffled-as.sat05-4038.cnf.gz,8e740e6660a1ec4be93645c7087cf409,5423,5423,439,0,6301,11108,0,0.02
industrial/SAT-Comp-2005-CNF/maris05/Rovers/rovers1_v01a.renamed-as.sat05-3975.cnf.gz,59db5319f6f63caeaf75b42eb6c2a1f5,4366,4366,258,0,4882,11600,0,0.015
industrial/SAT-Comp-2005-CNF/maris05/Rovers/rovers1_v01a.shuffled-as.sat05-4042.cnf.gz,ffb72a0a3b8c7856ba58acefaea31a55,4366,4366,258,0,4882,11600,0,0.018
industrial/SAT-Comp-2005-CNF/maris05/Rovers/rovers1_v01i.renamed-as.sat05-3976.cnf.gz,8349bad9fec3b0611611b3f62b5030cd,5267,5267,304,0,5875,13502,0,0.018
industrial/SAT-Comp-2005-CNF/maris05/Rovers/rovers1_v01i.shuffled-as.sat05-4043.cnf.gz,b6a9a85c2a9f2f2113fc47a9fc613382,5267,5267,304,0,5875,13502,0,0.021
industrial/SAT-Comp-2005-CNF/maris05/Rovers/rovers2_ks99i.renamed-as.sat05-3972.cnf.gz,9910533c2683cd7f7812a5fd968a1c80,3815,3815,327,0,4469,7837,0,0.012
industrial/SAT-Comp-2005-CNF/maris05/Rovers/rovers2_ks99i.shuffled-as.sat05-4039.cnf.gz,681ec30b9f3f0ffd60b8f14231508ffc,3815,3815,327,0,4469,7837,0,0.014
industrial/SAT-Comp-2005-CNF/maris05/Rovers/rovers2_v01a.renamed-as.sat05-3977.cnf.gz,99e400c3e20ea3041de4e6ab381bc157,4249,4249,255,0,4759,11823,0,0.015
industrial/SAT-Comp-2005-CNF/maris05/Rovers/rovers2_v01a.shuffled-as.sat05-4044.cnf.gz,4f9de7e3e3e136dc165019cfa8101e5a,4249,4249,255,0,4759,11823,0,0.018
industrial/SAT-Comp-2005-CNF/maris05/Rovers/rovers2_v01i.renamed-as.sat05-3978.cnf.gz,e1a0086aa8eb902d19b348a95cd713ab,3697,3697,229,0,4155,9833,0,0.013
industrial/SAT-Comp-2005-CNF/maris05/Rovers/rovers2_v01i.shuffled-as.sat05-4045.cnf.gz,ad131fabdd0869cc63a1d5dec1f01b14,3697,3697,229,0,4155,9833,0,0.015
industrial/SAT-Comp-2005-CNF/maris05/Rovers/rovers4_ks99i.renamed-as.sat05-3973.cnf.gz,325bedaebd99c3cd5e9f91aced5e9fac,4113,4113,439,0,4991,8440,0,0.013
industrial/SAT-Comp-2005-CNF/maris05/Rovers/rovers4_ks99i.shuffled-as.sat05-4040.cnf.gz,b09ea2c040527411fc4f7831a8436c11,4113,4113,439,0,4991,8440,0,0.015
industrial/SAT-Comp-2005-CNF/maris05/Rovers/rovers4_v01a.renamed-as.sat05-3979.cnf.gz,6459a34b91aa3bc54a3c587579b1ac95,3163,3163,238,0,3639,7987,0,0.012
industrial/SAT-Comp-2005-CNF/maris05/Rovers/rovers4_v01a.shuffled-as.sat05-4046.cnf.gz,9480f8354263ebdb53a8fe36c8a9fa1f,3163,3163,238,0,3639,7987,0,0.014
industrial/SAT-Comp-2005-CNF/maris05/Rovers/rovers4_v01i.renamed-as.sat05-3980.cnf.gz,995e7dba6337cfba9ef882945876252b,3944,3944,295,0,4534,9554,0,0.014
industrial/SAT-Comp-2005-CNF/maris05/Rovers/rovers4_v01i.shuffled-as.sat05-4047.cnf.gz,b4447e8364ea60c671ca3b6dfd9943de,3944,3944,295,0,4534,9554,0,0.016
industrial/SAT-Comp-2005-CNF/maris05/Rovers/rovers5_ks99i.renamed-as.sat05-3974.cnf.gz,843f25e2c4d57e7eeaf5117c3121ab2f,29170,29170,1437,0,32044,59450,0,0.099
industrial/SAT-Comp-2005-CNF/maris05/Rovers/rovers5_ks99i.shuffled-as.sat05-4041.cnf.gz,8a80f9b04914c5da93cdbaa4f57caac8,29170,29170,1437,0,32044,59450,0,0.104
industrial/SAT-Comp-2005-CNF/maris05/Rovers/rovers5_v01a.renamed-as.sat05-3981.cnf.gz,7641b8707827c4547288372eb6b023c5,25949,25949,981,0,27911,73451,0,0.091
industrial/SAT-Comp-2005-CNF/maris05/Rovers/rovers5_v01a.shuffled-as.sat05-4048.cnf.gz,6f8f8770f57cb1078836de8972d96283,25949,25949,981,0,27911,73451,0,0.111
industrial/SAT-Comp-2005-CNF/maris05/Satellite/satellite1_ks99i.renamed-as.sat05-3982.cnf.gz,3c78c658a543ff4108f88ade5698cd59,7619,7619,416,0,8451,15489,0,0.024
industrial/SAT-Comp-2005-CNF/maris05/Satellite/satellite1_ks99i.shuffled-as.sat05-4049.cnf.gz,491ae83512aacdc991124f6d1fdf032b,7619,7619,416,0,8451,15489,0,0.027
industrial/SAT-Comp-2005-CNF/maris05/Satellite/satellite1_v01a.renamed-as.sat05-3985.cnf.gz,d3a03e118315f298d3855d7b5418bf3e,3086,3086,158,0,3402,6685,0,0.01
industrial/SAT-Comp-2005-CNF/maris05/Satellite/satellite1_v01a.shuffled-as.sat05-4052.cnf.gz,57f34c7f226121206e07b7219879838d,3086,3086,158,0,3402,6685,0,0.011
industrial/SAT-Comp-2005-CNF/maris05/Satellite/satellite1_v01i.renamed-as.sat05-3986.cnf.gz,a1255763584eb88b9874b35412d8342a,7529,7529,335,0,8199,16546,0,0.024
industrial/SAT-Comp-2005-CNF/maris05/Satellite/satellite1_v01i.shuffled-as.sat05-4053.cnf.gz,4e72215653dcb2b6b1266217b55c029d,7529,7529,335,0,8199,16546,0,0.028
industrial/SAT-Comp-2005-CNF/maris05/Satellite/satellite2_ks99i.shuffled-as.sat05-4050.cnf.gz,ec34c8c2abe931511b221ff77712befd,27444,27444,1037,0,29518,55552,0,0.095
industrial/SAT-Comp-2005-CNF/maris05/Satellite/satellite2_v01a.renamed-as.sat05-3987.cnf.gz,7437762a1b3016db108a632a512e2264,12348,12348,422,0,13192,26857,0,0.04
industrial/SAT-Comp-2005-CNF/maris05/Satellite/satellite2_v01a.shuffled-as.sat05-4054.cnf.gz,d2800199a7c8d459cd0f26f10acb04a0,12348,12348,422,0,13192,26857,0,0.048
industrial/SAT-Comp-2005-CNF/maris05/Satellite/satellite2_v01i.renamed-as.sat05-3988.cnf.gz,ee08e5cb72ebb249a348ffc32b479f96,27249,27249,853,0,28955,59408,0,0.095
industrial/SAT-Comp-2005-CNF/maris05/Satellite/satellite2_v01i.shuffled-as.sat05-4055.cnf.gz,97a4610d41d4221a31cdb2dc684c6b08,27249,27249,853,0,28955,59408,0,0.106
industrial/SAT-Comp-2005-CNF/maris05/Satellite/satellite3_ks99i.renamed-as.sat05-3984.cnf.gz,701fcca512472c9978327f0436e4d49f,17853,17853,743,0,19339,36182,0,0.06
industrial/SAT-Comp-2005-CNF/maris05/Satellite/satellite3_ks99i.shuffled-as.sat05-4051.cnf.gz,977bb4c71c72857bb146cccca5047024,17853,17853,743,0,19339,36182,0,0.07
industrial/SAT-Comp-2005-CNF/maris05/Satellite/satellite3_v01a.renamed-as.sat05-3989.cnf.gz,f028b2c44f0f4536cfa17a4df153b889,7840,7840,303,0,8446,16611,0,0.028
industrial/SAT-Comp-2005-CNF/maris05/Satellite/satellite3_v01a.shuffled-as.sat05-4056.cnf.gz,10b246af85ac9f0a525e5d50fab31d2a,7840,7840,303,0,8446,16611,0,0.03
industrial/SAT-Comp-2005-CNF/maris05/Satellite/satellite3_v01i.renamed-as.sat05-3990.cnf.gz,a3dbd2e6357ea899bb079c393271347b,17700,17700,612,0,18924,38316,0,0.058
industrial/SAT-Comp-2005-CNF/maris05/Satellite/satellite3_v01i.shuffled-as.sat05-4057.cnf.gz,2a84c7af7db5cc805e1caa02a0178113,17700,17700,612,0,18924,38316,0,0.067
industrial/SAT-Comp-2005-CNF/maris05/Satellite/satellite4_v01a.renamed-as.sat05-3991.cnf.gz,21f623f7f53093ddaf792ddadf405a91,42577,42577,920,0,44417,90982,0,0.136
industrial/SAT-Comp-2005-CNF/maris05/Satellite/satellite4_v01a.shuffled-as.sat05-4058.cnf.gz,bee9c640aa16582d1a1a821b111eaacf,42577,42577,920,0,44417,90982,0,0.154
industrial/SAT-Comp-2005-CNF/narain05/vpn/clauses-10.shuffled-as.sat05-1965.cnf.gz,d72ab067005ab6b3ca95999e7761aa49,8901946,200000,321375,1949555,842750,497261,1,20.606
industrial/SAT-Comp-2005-CNF/narain05/vpn/clauses-2.shuffled-as.sat05-1966.cnf.gz,d7f01fd4d5f9815dd64c39be8c39ad29,272784,200000,75443,85,350886,490414,1,1.064
industrial/SAT-Comp-2005-CNF/narain05/vpn/clauses-4.shuffled-as.sat05-1967.cnf.gz,2cb7b46308e84d71f2ac00ede72ca774,1002957,200000,195620,72147,591240,494289,1,2.583
industrial/SAT-Comp-2005-CNF/narain05/vpn/clauses-6.shuffled-as.sat05-1968.cnf.gz,a84e856483cadae9440f328537172b80,2623082,200000,268818,415178,737636,495615,1,6.135
industrial/SAT-Comp-2005-CNF/narain05/vpn/clauses-8.shuffled-as.sat05-1969.cnf.gz,e3fbc3cb7e8e131de8b7bc9e200b363e,5687554,200000,307134,1154638,814268,497016,1,13.169
industrial/SAT-Comp-2007-CNF/anbulagan/diag-sat/dated-10-11-s.cnf.gz,e888eb330677e78ad4da026b7965f64f,636562,200000,133466,8768,466932,455347,1,1.496
industrial/SAT-Comp-2007-CNF/anbulagan/diag-sat/dated-10-15-s.cnf.gz,3db285796738ae7e2112e831b0e9b7f4,895436,200000,168187,25333,536374,460560,1,1.946
industrial/SAT-Comp-2007-CNF/anbulagan/diag-sat/dated-10-19-s.cnf.gz,c3e0e65e139c5314b8df1bc3293c608e,1180403,200000,195847,50974,591694,464603,1,2.413
industrial/SAT-Comp-2007-CNF/anbulagan/diag-sat/dated-5-11-s.cnf.gz,44998859b0ad3659438a3fdb7ca07014,488079,200000,105854,3219,411708,455650,1,1.226
industrial/SAT-Comp-2007-CNF/anbulagan/diag-sat/dated-5-13-s.cnf.gz,59dcc04a5bfe198be5fe901ed72893b3,633408,200000,130731,8441,461462,458360,1,1.479
industrial/SAT-Comp-2007-CNF/anbulagan/diag-sat/dated-5-15-s.cnf.gz,aea96c852e73cccf900a701c3a4ba53c,704840,200000,140357,11991,480714,460554,1,1.604
industrial/SAT-Comp-2007-CNF/anbulagan/diag-sat/dated-5-17-s.cnf.gz,ab2a24f00d07e188c11febb004ea28e9,864038,200000,161245,22457,522490,462177,1,1.867
industrial/SAT-Comp-2007-CNF/anbulagan/diag-sat/dated-5-19-s.cnf.gz,a768b58c4ded38710e4b2345c4b413fb,995953,200000,175546,32725,551092,464959,1,2.144
industrial/SAT-Comp-2007-CNF/anbulagan/diag-sat/total-10-11-s.cnf.gz,d27df1b73355fcbb42c4c13cc78686a8,865657,200000,169389,24010,538778,455386,1,1.924
industrial/SAT-Comp-2007-CNF/anbulagan/diag-sat/total-10-13-s.cnf.gz,34da7281df2d13343b40517a88789c73,1032458,200000,188413,38389,576826,457807,1,2.24
industrial/SAT-Comp-2007-CNF/anbulagan/diag-sat/total-5-11-s.cnf.gz,2e5faa17499af9864176f0ff421a8e76,704442,200000,144871,12523,489742,455686,1,1.607
industrial/SAT-Comp-2007-CNF/anbulagan/diag-sat/total-5-13-s.cnf.gz,677a85e7ceb02e51b47db7fb60445924,815583,200000,159544,19633,519088,457785,1,1.812
industrial/SAT-Comp-2007-CNF/anbulagan/diag-sat/total-5-15-s.cnf.gz,cb9c73cdb0868592fb0a31c340085c9e,1019546,200000,183763,36567,567526,460109,1,2.169
industrial/SAT-Comp-2007-CNF/anbulagan/hard-sat/partial-10-13-s.cnf.gz,46025a4cb2f14712cd9405d847d07f60,1071339,200000,192838,41835,585676,457906,1,2.248
industrial/SAT-Comp-2007-CNF/anbulagan/hard-sat/partial-10-17-s.cnf.gz,d20d2fcf32d26bda0da4b3a40fc9ead3,1409628,200000,221141,77759,642282,462665,1,2.774
industrial/SAT-Comp-2007-CNF/anbulagan/hard-sat/partial-5-19-s.cnf.gz,7abd6e60bdb990307bda8a2447e2128b,1259225,200000,203744,58961,607488,464214,1,2.462
industrial/SAT-Comp-2007-CNF/anbulagan/hard-unsat/dated-10-11-u.cnf.gz,7776575d632336be100c3d8591ef7134,629461,200000,133269,8591,466538,454012,1,1.504
industrial/SAT-Comp-2007-CNF/anbulagan/hard-unsat/dated-5-15-u.cnf.gz,e4498087591bca331adbe4a40380c911,697321,200000,140118,11834,480236,458759,1,1.568
industrial/SAT-Comp-2007-CNF/anbulagan/hard-unsat/dated-5-17-u.cnf.gz,ed34fc571e420540a0b42d81fd650e3c,855717,200000,161318,22146,522636,460873,1,1.881
industrial/SAT-Comp-2007-CNF/anbulagan/hard-unsat/dated-5-19-u.cnf.gz,146359b7765e5adff618d3cd77e0dcc8,986543,200000,175800,32202,551600,463978,1,2.075
industrial/SAT-Comp-2007-CNF/anbulagan/hard-unsat/partial-10-11-u.cnf.gz,5fbd432872a4570edebd894c7520c3e5,841193,200000,166824,22138,533648,454017,1,1.838
industrial/SAT-Comp-2007-CNF/anbulagan/hard-unsat/partial-10-15-u.cnf.gz,f9bc7ef71aee753e2c3ea28a9eda94f1,1198313,200000,205571,54775,611142,458933,1,2.375
industrial/SAT-Comp-2007-CNF/anbulagan/hard-unsat/partial-10-17-u.cnf.gz,031c99d72be38eedacc8b402784e9821,1396189,200000,221600,76916,643200,461336,1,2.718
industrial/SAT-Comp-2007-CNF/anbulagan/hard-unsat/partial-5-13-u.cnf.gz,650b00aee98d38255a4345f78d764ca9,833889,200000,163271,20925,526542,456637,1,1.83
industrial/SAT-Comp-2007-CNF/anbulagan/hard-unsat/total-10-15-u.cnf.gz,eb10fa279ea0bf9585b0ca1c1d0285b9,1236673,200000,209381,60035,618762,459178,1,2.572
industrial/SAT-Comp-2007-CNF/anbulagan/hard-unsat/total-10-17-u.cnf.gz,7c552f4d2bc35862829d06d94e230c4a,1370917,200000,219281,74583,638562,461045,1,2.75
industrial/SAT-Comp-2007-CNF/anbulagan/hard-unsat/total-5-15-u.cnf.gz,033560dbd1b4d3545b4b40ef90aaaa29,1008653,200000,183984,35772,567968,458844,1,2.202
industrial/SAT-Comp-2007-CNF/anbulagan/hard-unsat/total-5-19-u.cnf.gz,5c9458f7902032ce0b12fa8af01b42ce,1324541,200000,211992,67236,623984,463892,1,2.611
industrial/SAT-Comp-2007-CNF/anbulagan/medium-sat/dated-10-13-s.cnf.gz,8dabe4b7e1b459bec96eda3c62c45ea6,824258,200000,160974,20108,521948,458476,1,1.807
industrial/SAT-Comp-2007-CNF/anbulagan/medium-sat/dated-10-17-s.cnf.gz,dd2fc5a9a5e99b1196ee26c145d2f3bb,1081178,200000,188522,41320,577044,462303,1,2.213
industrial/SAT-Comp-2007-CNF/anbulagan/medium-sat/partial-5-11-s.cnf.gz,e5979af1182cc65e04c4652fdb077f12,738865,200000,149959,14628,499918,455765,1,1.643
industrial/SAT-Comp-2007-CNF/anbulagan/medium-sat/partial-5-13-s.cnf.gz,3aeaa0869d41767acea0d37f4532eb55,842981,200000,163350,21325,526700,458200,1,1.834
industrial/SAT-Comp-2007-CNF/anbulagan/medium-sat/total-10-15-s.cnf.gz,cb971e9d5d19929a513f980e51660559,1250036,200000,209510,60610,619020,460695,1,2.502
industrial/SAT-Comp-2007-CNF/anbulagan/medium-sat/total-10-17-s.cnf.gz,e4c903d2c5f67e835e50c13946a6a82c,1384270,200000,218875,75371,637750,462229,1,2.706
industrial/SAT-Comp-2007-CNF/anbulagan/medium-sat/total-10-19-s.cnf.gz,b1d9cca0a2c07cbab176e93cb8f342b8,1586193,200000,232112,99519,664224,464665,1,3.065
industrial/SAT-Comp-2007-CNF/anbulagan/medium-sat/total-5-17-s.cnf.gz,9cc3ba7aa970ae0b6d3ceb9d331a4255,1248556,200000,205881,59527,611762,462004,1,2.501
industrial/SAT-Comp-2007-CNF/anbulagan/medium-sat/total-5-19-s.cnf.gz,8e3b844739ffc6439a32e91192ae1848,1337190,200000,211320,68270,622640,464590,1,2.888
industrial/SAT-Comp-2007-CNF/anbulagan/medium-unsat/dated-10-15-u.cnf.gz,a817258b60fd6eb46b96b3f9b4236cfd,885873,200000,168196,24820,536392,458766,1,1.879
industrial/SAT-Comp-2007-CNF/anbulagan/medium-unsat/dated-5-11-u.cnf.gz,c8010b1f3576fe1ad92162f83adab260,482639,200000,105711,3075,411422,454413,1,1.204
industrial/SAT-Comp-2007-CNF/anbulagan/medium-unsat/total-10-11-u.cnf.gz,08eeb55c898dc6bedc915ed191dab009,855991,200000,169408,23482,538816,454101,1,1.825
industrial/SAT-Comp-2007-CNF/anbulagan/medium-unsat/total-5-11-u.cnf.gz,19d28dbff9188a8bd38bcf78a6a3f4aa,696581,200000,144739,12241,489478,454214,1,1.623
industrial/SAT-Comp-2007-CNF/anbulagan/medium-unsat/total-5-13-u.cnf.gz,4546fab27cba3b7f81f04a27804007f1,806681,200000,159740,18968,519480,456369,1,1.733
industrial/SAT-Comp-2007-CNF/babic/dspam/dspam_dump_vc1080.cnf.gz,af6981f392bac37df4519249af562e83,375379,200000,114886,3412,429772,529756,1,1.052
industrial/SAT-Comp-2007-CNF/babic/dspam/dspam_dump_vc1081.cnf.gz,7e4acbc746fb7cf8e5ee1b47d45e3ce8,375699,200000,114976,3450,429952,529624,1,1.117
industrial/SAT-Comp-2007-CNF/babic/dspam/dspam_dump_vc1093.cnf.gz,84978bdbf48c9485b04c37709d65c591,337439,200000,104476,2244,408952,531237,1,1.054
industrial/SAT-Comp-2007-CNF/babic/dspam/dspam_dump_vc1103.cnf.gz,fa7055908271153a5d9f46f6882aa1ab,926872,200000,227090,53882,654180,533114,1,2.201
industrial/SAT-Comp-2007-CNF/babic/dspam/dspam_dump_vc1104.cnf.gz,81ea9e08430a8a983b4052d5936adcf5,926808,200000,227155,53817,654310,533321,1,2.086
industrial/SAT-Comp-2007-CNF/babic/dspam/dspam_dump_vc949.cnf.gz,81bd2dd3df93684890449edad69253dd,360099,200000,109972,2756,419944,530149,1,1.057
industrial/SAT-Comp-2007-CNF/babic/dspam/dspam_dump_vc950.cnf.gz,6f2eb49b87902db54a6f281e47f0b983,360419,200000,110099,2757,420198,530021,1,1.037
industrial/SAT-Comp-2007-CNF/babic/dspam/dspam_dump_vc962.cnf.gz,8e2bf97f9861eefd74a692fde1945702,322159,200000,99358,1792,398716,531553,1,0.967
industrial/SAT-Comp-2007-CNF/babic/dspam/dspam_dump_vc972.cnf.gz,0850db65220080c130d2f54005f9e2b3,908255,200000,224075,50376,648150,533746,1,2.07
industrial/SAT-Comp-2007-CNF/babic/dspam/dspam_dump_vc973.cnf.gz,c084fcafd1435d2e5e9693da60ac53f7,908191,200000,223848,50603,647696,533465,1,2.092
industrial/SAT-Comp-2007-CNF/babic/hsatv17/hsat_vc11773.cnf.gz,3a1aeb4f09c3e2c147b5abb785019137,686155,200000,187740,50608,575480,520660,1,1.65
industrial/SAT-Comp-2007-CNF/babic/hsatv17/hsat_vc11803.cnf.gz,a37b83b23f52f6ebd06c5769584a4b3e,798348,200000,204770,71657,609540,521349,1,1.892
industrial/SAT-Comp-2007-CNF/babic/hsatv17/hsat_vc11813.cnf.gz,81268da6548a14c8658a6dd9786e56f4,905106,200000,218841,93787,637682,521753,1,2.031
industrial/SAT-Comp-2007-CNF/babic/hsatv17/hsat_vc11817.cnf.gz,4ed40dca9d17e37f77bbbef074561585,691064,200000,188599,51750,577198,520194,1,1.746
industrial/SAT-Comp-2007-CNF/babic/hsatv17/hsat_vc11935.cnf.gz,b418ff1175e0b727ac09053fdec0f7a2,509032,200000,155289,23892,510578,515088,1,1.298
industrial/SAT-Comp-2007-CNF/babic/hsatv17/hsat_vc11944.cnf.gz,9834e67bb8d0379eb872b3ad155ee05b,508210,200000,155279,23492,510558,515197,1,1.305
industrial/SAT-Comp-2007-CNF/babic/hsatv17/hsat_vc12016.cnf.gz,99d81725dcbb49eefb7b78d03dc595c3,456921,200000,144033,18931,488066,515488,1,1.188
industrial/SAT-Comp-2007-CNF/babic/hsatv17/hsat_vc12062.cnf.gz,6c12cb2fdddfb6ea8676f97d35ea913e,566857,200000,167295,32935,534590,517781,1,1.393
industrial/SAT-Comp-2007-CNF/babic/hsatv17/hsat_vc12070.cnf.gz,eb34dcb040e9956397c306400da096f1,564196,200000,166922,32326,533844,517661,1,1.405
industrial/SAT-Comp-2007-CNF/babic/hsatv17/hsat_vc12072.cnf.gz,87894ba21ccd7c8d45a2c55d04bf6f3e,673711,200000,186499,50036,572998,519029,1,1.58
industrial/SAT-Comp-2007-CNF/babic/xinetd/itox_vc1033.cnf.gz,807531febe395275bbf58f84f49f1db3,348058,200000,114138,4562,428276,522749,1,1.012
industrial/SAT-Comp-2007-CNF/babic/xinetd/itox_vc1044.cnf.gz,f7151f66eef438c63c8788e406780162,356524,200000,116592,4824,433184,522867,1,1.027
industrial/SAT-Comp-2007-CNF/babic/xinetd/itox_vc1138.cnf.gz,97e6687a5a2bb9f61f670ebf0d5945d1,436954,200000,140116,10564,480232,517463,1,1.159
industrial/SAT-Comp-2007-CNF/babic/xinetd/itox_vc1216.cnf.gz,8a25c090c30d0b5416658fd8a756080e,440151,200000,141019,10772,482038,517158,1,1.171
industrial/SAT-Comp-2007-CNF/babic/xinetd/itox_vc909.cnf.gz,4b3c7fb5a7b24f2680395176380ec8e3,327768,200000,108559,3728,417118,521581,1,0.96
industrial/SAT-Comp-2007-CNF/babic/xinetd/itox_vc965.cnf.gz,943723c80441fa1f89b8bc7463145a78,338946,200000,111721,4220,423442,521993,1,0.971
industrial/SAT-Comp-2007-CNF/babic/xinetd/itox_vc979.cnf.gz,2b024ec66a64352afefaef0bd34d8821,338708,200000,111705,4146,423410,521805,1,0.973
industrial/SAT-Comp-2007-CNF/babic/xinetd/xinetd_vc56687.cnf.gz,5bc21e42f3f7bc17836a70649236fa6c,286158,200000,107063,3759,414126,485130,1,0.854
industrial/SAT-Comp-2007-CNF/babic/xinetd/xinetd_vc56703.cnf.gz,31a2d926fe8c7af1245c856b9e99d7f7,286428,200000,107125,3798,414250,485240,1,0.856
industrial/SAT-Comp-2007-CNF/crypto/mizh-md5-47-4.cnf.gz,8b9ed718022b0840e19047a9c6d95510,273506,200000,65550,54,331100,595879,1,0.905
industrial/SAT-Comp-2007-CNF/crypto/mizh-md5-47-5.cnf.gz,49b23fbd7e11d5cd53a5c6813b4c0624,273520,200000,65561,43,331122,595797,1,0.892
industrial/SAT-Comp-2007-CNF/crypto/mizh-md5-48-2.cnf.gz,ccb55d1b802617fcb969e12859d66124,279240,200000,66813,79,333626,596524,1,0.931
industrial/SAT-Comp-2007-CNF/crypto/mizh-md5-48-5.cnf.gz,e65663fd41bc29694d683ec57b7d72a4,279256,200000,66815,77,333630,596145,1,0.907
industrial/SAT-Comp-2007-CNF/crypto/mizh-sha0-35-2.cnf.gz,3198bf396bbf9fbf335513f05293275e,204071,200000,48689,0,297378,597272,1,0.768
industrial/SAT-Comp-2007-CNF/crypto/mizh-sha0-35-3.cnf.gz,c6c0333f0865d7fcd5621fa80d44c661,204067,200000,48689,0,297378,597321,1,0.763
industrial/SAT-Comp-2007-CNF/crypto/mizh-sha0-35-4.cnf.gz,747af0c580bcd617c34790329f75b86d,204067,200000,48689,0,297378,597332,1,0.776
industrial/SAT-Comp-2007-CNF/crypto/mizh-sha0-35-5.cnf.gz,adc3d9fcc67735f875f762ea7f33efeb,204055,200000,48689,0,297378,597291,1,0.778
industrial/SAT-Comp-2007-CNF/crypto/mizh-sha0-36-2.cnf.gz,eeac24c170880dd8465008f89816341d,210239,200000,50073,0,300146,597857,1,0.776
industrial/SAT-Comp-2007-CNF/fuhs/hard/AProVE07-01.cnf.gz,0cab9100cdd8505069301d658d085899,28770,28770,7502,0,43774,76290,0,0.102
industrial/SAT-Comp-2007-CNF/fuhs/hard/AProVE07-08.cnf.gz,c1dd25d1be9bcf41f361eafc78d1bdda,16637,16637,4614,0,25865,44007,0,0.06
industrial/SAT-Comp-2007-CNF/fuhs/hard/AProVE07-26.cnf.gz,fc55c564b6f47846725da5a14bf0ec3e,79766,79766,21734,0,123234,211276,0,0.285
industrial/SAT-Comp-2007-CNF/fuhs/medium/AProVE07-02.cnf.gz,bffe3f157bc1cfc8ae007dc01dc29b3e,22741,22741,6196,0,35133,59967,0,0.084
industrial/SAT-Comp-2007-CNF/fuhs/medium/AProVE07-04.cnf.gz,fa11a4d8757504b11e3085d9c04c1c2e,475249,200000,38022,268,276044,588058,1,1.248
industrial/SAT-Comp-2007-CNF/fuhs/medium/AProVE07-06.cnf.gz,8bf23d80c7c0b5fe9ab4ed80046db677,632886,200000,45602,733,291204,596667,1,1.506
industrial/SAT-Comp-2007-CNF/fuhs/medium/AProVE07-09.cnf.gz,f710c5cf934e74c71f58e534be290ddc,160817,160817,33582,0,227981,423605,0,0.601
industrial/SAT-Comp-2007-CNF/fuhs/medium/AProVE07-11.cnf.gz,f44e873aca9ca6026c3ca50f9abf0354,4426834,200000,342060,662873,884120,538241,1,8.704
industrial/SAT-Comp-2007-CNF/fuhs/medium/AProVE07-15.cnf.gz,6a810aada46289596b04174a91d5c112,74257,74257,21104,0,116465,192789,0,0.264
industrial/SAT-Comp-2007-CNF/fuhs/medium/AProVE07-16.cnf.gz,4e259da0d4963296b68e170bbbad025f,182485,182485,52382,0,287249,472601,0,0.662
industrial/SAT-Comp-2007-CNF/fuhs/medium/AProVE07-20.cnf.gz,5ba5f821d8f8891b41a822c9e374dc45,73394,73394,7847,0,89088,206938,0,0.263
industrial/SAT-Comp-2007-CNF/fuhs/medium/AProVE07-21.cnf.gz,ad9eb96bac59319fc2f7daffd1f961f8,11039,11039,3189,0,17417,28509,0,0.039
industrial/SAT-Comp-2007-CNF/fuhs/medium/AProVE07-22.cnf.gz,e51b15054804917caf392e5253ae1622,54263,54263,15589,0,85441,140423,0,0.201
industrial/SAT-Comp-2007-CNF/grieu/vmpc_26.cnf.gz,c52ad9f8fec393a1f4b421aa14af75d3,175553,175553,2028,0,179609,461968,0,0.661
industrial/SAT-Comp-2007-CNF/jarvisalo/eq.atree.braun.10.unsat.cnf.gz,bfb2e01c474486a2b241073032999408,3756,3756,1111,0,5978,9786,0,0.014
industrial/SAT-Comp-2007-CNF/jarvisalo/eq.atree.braun.7.unsat.cnf.gz,72734030fb313d7a07168c18b5a61530,1696,1696,505,0,2706,4422,0,0.007
industrial/SAT-Comp-2007-CNF/jarvisalo/eq.atree.braun.8.unsat.cnf.gz,6f4c2d20e137e4f3ade0c95031ac0fde,2300,2300,684,0,3668,5992,0,0.009
industrial/SAT-Comp-2007-CNF/jarvisalo/eq.atree.braun.9.unsat.cnf.gz,404e5e1feab38d57a8f10a8f1d666ccd,3006,3006,892,0,4790,7828,0,0.011
industrial/SAT-Comp-2007-CNF/manolios/manol-pipe-c10nidw_s.cnf.gz,5b5e80f3a48f1bbaca741fa6d5a9da85,1204273,200000,247072,157310,694144,466977,1,2.573
industrial/SAT-Comp-2007-CNF/manolios/manol-pipe-c6nidw_i.cnf.gz,22462684680b2896485afd88cb818304,283363,200000,95645,218,391290,466769,1,0.867
industrial/SAT-Comp-2007-CNF/manolios/manol-pipe-c7bidw_i.cnf.gz,6df8778d4e15c411df6a02def5d59b99,387841,200000,127700,3304,455400,466557,1,1.082
industrial/SAT-Comp-2007-CNF/manolios/manol-pipe-c7nidw.cnf.gz,81af889cf906b3196620e53fff42fea3,501421,200000,156566,12506,513132,466822,1,1.317
industrial/SAT-Comp-2007-CNF/manolios/manol-pipe-f10ni.cnf.gz,4eba742f2400048339af4995b756cb4d,1100500,200000,238825,130063,677650,466362,1,2.365
industrial/SAT-Comp-2007-CNF/manolios/manol-pipe-f7idw.cnf.gz,abdd296f58175391f3c500b89f1e8ebe,782329,200000,205587,57435,611174,466913,1,1.778
industrial/SAT-Comp-2007-CNF/manolios/manol-pipe-f9b.cnf.gz,9fb6c25af3c961d843ddf8fd0f25665f,547078,200000,165375,17996,530750,466561,1,1.39
industrial/SAT-Comp-2007-CNF/manolios/manol-pipe-f9n.cnf.gz,709902883991ae1fb3b83a7e64330816,552412,200000,166557,18592,533114,466550,1,1.388
industrial/SAT-Comp-2007-CNF/manolios/manol-pipe-g10bidw.cnf.gz,66ec949d764fc23721e1720844f3d6c1,705220,200000,194909,42576,589818,466298,1,1.659
industrial/SAT-Comp-2007-CNF/manolios/manol-pipe-g10nid.cnf.gz,853f464e74d500a848f9e86646f3c14b,646228,200000,185281,32444,570562,467162,1,1.568
industrial/SAT-Comp-2007-CNF/palacios/hard/safe-50-h49-unsat.cnf.gz,cd78921cf08ae8e255d478574de1a46c,2098249,200000,251606,368431,703212,485762,1,4.167
industrial/SAT-Comp-2007-CNF/palacios/hard/safe-50-h50-sat.cnf.gz,31d7d9e146f7caddeb476bd56be4561b,2141556,200000,252437,380955,704874,484650,1,4.233
industrial/SAT-Comp-2007-CNF/palacios/hard/sortnet-6-ipc5-h11-unsat.cnf.gz,84fa7692871637ad13b8d2f8445358bb,95880,95880,27142,582,150164,233558,0,0.337
industrial/SAT-Comp-2007-CNF/palacios/hard/sortnet-8-ipc5-h19-sat.cnf.gz,d28981444ef65f40d521d743831ccb31,1254773,200000,216457,144668,632914,485599,1,2.647
industrial/SAT-Comp-2007-CNF/palacios/medium/blocks-4-ipc5-h21-unknown.cnf.gz,03041657b7177746724b819433c83b20,905980,200000,98932,37824,397864,538234,1,1.962
industrial/SAT-Comp-2007-CNF/palacios/medium/blocks-4-ipc5-h22-unknown.cnf.gz,2877fd1cd48768d5cbe3794bbdbb5c5e,937242,200000,105098,43055,410196,549674,1,2.019
industrial/SAT-Comp-2007-CNF/palacios/medium/cube-11-h14-sat.cnf.gz,a91f564f1c6ff502464c4c38bb78f0a1,1529045,200000,270057,239455,740114,466835,1,3.123
industrial/SAT-Comp-2007-CNF/palacios/medium/cube-9-h10-unsat.cnf.gz,7d79f9e7e3c565b184f10ca6d8f4e723,541172,200000,163353,16917,526706,466870,1,1.341
industrial/SAT-Comp-2007-CNF/palacios/medium/cube-9-h11-sat.cnf.gz,5c91f71edec5d204861231e047cf3c51,627818,200000,180419,28725,560838,466833,1,1.493
industrial/SAT-Comp-2007-CNF/palacios/medium/emptyroom-4-h21-unsat.cnf.gz,e82ece45573dc52cfcb38f7fd5b8259c,208728,200000,69148,1964,338296,467153,1,0.762
industrial/SAT-Comp-2007-CNF/palacios/medium/emptyroom-4-h22-sat.cnf.gz,631a2a01917c2d161908041343b207b6,222560,200000,73767,2059,347534,467119,1,0.782
industrial/SAT-Comp-2007-CNF/palacios/medium/safe-30-h30-sat.cnf.gz,48536cf83e806cb66dacd3c4b99952fb,453174,200000,127001,8785,454002,482847,1,1.199
industrial/SAT-Comp-2007-CNF/palacios/medium/sortnet-7-ipc5-h16-sat.cnf.gz,fa7bfa59f0f8463f8249f162ebd3489a,399368,200000,110299,4249,420598,486658,1,1.091
industrial/SAT-Comp-2007-CNF/palacios/uts/uts-l05-ipc5-h26-unsat.cnf.gz,7b7ac3218e43cb8347ee0f857d30a98c,414657,200000,82729,4746,365458,515374,1,1.12
industrial/SAT-Comp-2007-CNF/palacios/uts/uts-l05-ipc5-h27-unknown.cnf.gz,bafe29b777d8546e978ca83952bdcf88,439508,200000,89465,5956,378930,516404,1,1.176
industrial/SAT-Comp-2007-CNF/palacios/uts/uts-l06-ipc5-h28-unknown.cnf.gz,8ce2b76c6b63c0c9b770a72228076709,649270,200000,96748,19150,393496,526033,1,1.515
industrial/SAT-Comp-2007-CNF/palacios/uts/uts-l06-ipc5-h29-unknown.cnf.gz,3a2296b865b75bbb852a284a7ffde19f,687058,200000,104291,23547,408582,521902,1,1.611
industrial/SAT-Comp-2007-CNF/palacios/uts/uts-l06-ipc5-h30-unknown.cnf.gz,441639a2fdfe632efe1a87df0507bc1d,724504,200000,111864,27954,423728,521416,1,1.67
industrial/SAT-Comp-2007-CNF/palacios/uts/uts-l06-ipc5-h31-unknown.cnf.gz,939b868968d6b8b5fc8408e78e8645e5,761906,200000,118633,33135,437266,521988,1,1.748
industrial/SAT-Comp-2007-CNF/palacios/uts/uts-l06-ipc5-h32-unknown.cnf.gz,cef0194e667b920e5055a48d45251f57,800163,200000,125290,38465,450580,522538,1,1.848
industrial/SAT-Comp-2007-CNF/palacios/uts/uts-l06-ipc5-h33-unknown.cnf.gz,4279643a5f8d65f0c864d7919346d211,837466,200000,131427,44243,462854,509623,1,1.919
industrial/SAT-Comp-2007-CNF/palacios/uts/uts-l06-ipc5-h34-unknown.cnf.gz,43c2a4e1db24cc4ae0859da7e038d070,874988,200000,137040,50627,474080,520439,1,1.969
industrial/SAT-Comp-2007-CNF/palacios/uts/uts-l06-ipc5-h35-unknown.cnf.gz,7d71639b783d345bb7c576cba467dc9e,912286,200000,142527,57044,485054,500629,1,2.062
industrial/SAT-Comp-2009-CNF/SAT07/industrial/vliw_sat_4.0/9vliw_m_9stages_iq3_C1_bug5.cnf.gz,c83778814ed6773971ae0a40bc353ca2,13380350,200000,174357,346413,548714,590045,1,23.87
industrial/SAT-Comp-2009-CNF/SAT09/APPLICATIONS/aprove09/AProVE09-01.cnf.gz,b78ff69c1ca339649137be8961aec96c,318353,200000,81485,385,362970,491834,1,1.022
industrial/SAT-Comp-2009-CNF/SAT09/APPLICATIONS/aprove09/AProVE09-03.cnf.gz,08fd5d81bf1af056edf0f4d1778f0834,206299,200000,59231,0,318462,497190,1,0.766
industrial/SAT-Comp-2009-CNF/SAT09/APPLICATIONS/aprove09/AProVE09-05.cnf.gz,4132196a3dad222c96f2bc021255d21b,49510,49510,14685,0,78880,127630,0,0.186
industrial/SAT-Comp-2009-CNF/SAT09/APPLICATIONS/aprove09/AProVE09-07.cnf.gz,59cfa6210c29048a451dfce6a1685813,28936,28936,8567,0,46070,74592,0,0.105
industrial/SAT-Comp-2009-CNF/SAT09/APPLICATIONS/aprove09/AProVE09-08.cnf.gz,b73278a43b8e509f8c2300575e5b5022,28927,28927,8564,0,46055,74571,0,0.103
industrial/SAT-Comp-2009-CNF/SAT09/APPLICATIONS/aprove09/AProVE09-10.cnf.gz,f4fa9904edc0c1edcbe4231d643ec502,245335,200000,67181,5,334362,521581,1,0.839
industrial/SAT-Comp-2009-CNF/SAT09/APPLICATIONS/aprove09/AProVE09-11.cnf.gz,838277d26d3df732fa98b594c58e82b7,78082,78082,20192,0,118466,207558,0,0.284
industrial/SAT-Comp-2009-CNF/SAT09/APPLICATIONS/aprove09/AProVE09-12.cnf.gz,6d1a2a1b9f8578b890fc02dc9efb130f,102011,102011,27495,0,157001,269291,0,0.372
industrial/SAT-Comp-2009-CNF/SAT09/APPLICATIONS/aprove09/AProVE09-13.cnf.gz,90fa3ad6efe2a06a5074e1209c871d57,26317,26317,7606,0,41529,68415,0,0.094
industrial/SAT-Comp-2009-CNF/SAT09/APPLICATIONS/aprove09/AProVE09-15.cnf.gz,8a244542d09e20e9e8813ce7089c4135,305105,200000,94438,225,388876,506517,1,0.939
industrial/SAT-Comp-2009-CNF/SAT09/APPLICATIONS/aprove09/AProVE09-17.cnf.gz,0379936c75c225f1a9a113762b019da6,108759,108759,33894,0,176547,274969,0,0.381
industrial/SAT-Comp-2009-CNF/SAT09/APPLICATIONS/aprove09/AProVE09-19.cnf.gz,bd19c059360216884acd74f6f39567c6,112780,112780,30537,0,173854,297318,0,0.407
industrial/SAT-Comp-2009-CNF/SAT09/APPLICATIONS/aprove09/AProVE09-21.cnf.gz,d6530945e7d35ef34435c9b988d9ea41,91044,91044,29964,0,150972,214442,0,0.319
industrial/SAT-Comp-2009-CNF/SAT09/APPLICATIONS/aprove09/AProVE09-22.cnf.gz,6fac0a6ec09fabc6c9e0d6dcc1f0e0c1,38505,38505,11557,0,61619,100479,0,0.137
industrial/SAT-Comp-2009-CNF/SAT09/APPLICATIONS/aprove09/AProVE09-24.cnf.gz,74b6a718a7c26b0189dc1377d2d5eb50,209228,200000,61164,0,322328,526533,1,0.769
industrial/SAT-Comp-2009-CNF/SAT09/APPLICATIONS/aprove09/AProVE09-25.cnf.gz,1508ae612fe86a14fe9ce950694f7b71,124485,124485,37821,0,200127,323039,0,0.442
industrial/SAT-Comp-2009-CNF/SAT09/APPLICATIONS/bioinfo/q_query_3_L60_coli.sat.cnf.gz,195a008f3434898f8af7a966230ca760,863483,200000,147898,39619,495796,575206,1,1.966
industrial/SAT-Comp-2009-CNF/SAT09/APPLICATIONS/bioinfo/q_query_3_L70_coli.sat.cnf.gz,4c33ad406ac0cadae0198d62017e8ba7,1020908,200000,160434,58358,520868,575528,1,2.246
industrial/SAT-Comp-2009-CNF/SAT09/APPLICATIONS/bioinfo/q_query_3_l37_lambda.cnf.gz,4a0ce843274c26e9f7d0474d7b5d53b6,128361,128361,26241,0,180843,368903,0,0.484
industrial/SAT-Comp-2009-CNF/SAT09/APPLICATIONS/bioinfo/q_query_3_l38_lambda.cnf.gz,8063f1a73972178c67f29801ae463143,132388,132388,26986,0,186360,380643,0,0.495
industrial/SAT-Comp-2009-CNF/SAT09/APPLICATIONS/bioinfo/q_query_3_l39_lambda.cnf.gz,47e6da5bf3bccc600aa4b29e9e65bfaf,136449,136449,27735,0,191919,392486,0,0.519
industrial/SAT-Comp-2009-CNF/SAT09/APPLICATIONS/bioinfo/q_query_3_l40_lambda.cnf.gz,7038db784772628e70510df5f3a5ce91,140544,140544,28488,0,197520,404432,0,0.534
industrial/SAT-Comp-2009-CNF/SAT09/APPLICATIONS/bioinfo/q_query_3_l42_lambda.cnf.gz,9fa1f426d3d891efbbb8fe9b4e5c719b,148836,148836,30006,0,208848,428633,0,0.553
industrial/SAT-Comp-2009-CNF/SAT09/APPLICATIONS/bioinfo/q_query_3_l43_lambda.cnf.gz,8157c6aa84b505772a17e0ccd77b152d,153033,153033,30771,0,214575,440888,0,0.562
industrial/SAT-Comp-2009-CNF/SAT09/APPLICATIONS/bioinfo/q_query_3_l47_lambda.cnf.gz,edc2d0c4456df4ab5f57b98f9c726f4c,170161,170161,33871,0,237903,490938,0,0.643
industrial/SAT-Comp-2009-CNF/SAT09/APPLICATIONS/bitverif/countbitsarray/countbitsarray08_32.cnf.gz,36e318243695ce6262805797e8535aa4,52685,52685,17818,0,88321,122929,0,0.176
industrial/SAT-Comp-2009-CNF/SAT09/APPLICATIONS/bitverif/countbitsrotate/countbitsrotate016.cnf.gz,15ce63c18bf6645abcd55327a2bf0dcf,6212,6212,2087,0,10386,14492,0,0.022
industrial/SAT-Comp-2009-CNF/SAT09/APPLICATIONS/bitverif/countbitsrotate/countbitsrotate032.cnf.gz,f1b0f98042cd9d8e1af10f2e27167dd7,25484,25484,8527,0,42538,59460,0,0.088
industrial/SAT-Comp-2009-CNF/SAT09/APPLICATIONS/bitverif/countbitssrl/countbitssrl016.cnf.gz,cfadfe2cd2189294d81ab27bfcf1d265,13652,13652,4567,0,22786,31852,0,0.046
industrial/SAT-Comp-2009-CNF/SAT09/APPLICATIONS/bitverif/countbitswegner/countbitswegner064.cnf.gz,ad202768293c1e8d4581a00d13adcd31,73151,73151,24448,0,122047,170683,0,0.248
industrial/SAT-Comp-2009-CNF/SAT09/APPLICATIONS/bitverif/icbrt/icbrt1_32.cnf.gz,975cddad1afb6694e2a4ef252b1f2109,33833,33833,11309,0,56451,78941,0,0.119
industrial/SAT-Comp-2009-CNF/SAT09/APPLICATIONS/bitverif/maxand/maxand064.cnf.gz,fb04ad4cd67638d54ff400b9c0bf8726,42581,42581,14578,0,71737,99353,0,0.141
industrial/SAT-Comp-2009-CNF/SAT09/APPLICATIONS/bitverif/maxxor/maxxor064.cnf.gz,2602a408af148cd920698aeff90dd853,152039,152039,51064,0,254167,354755,0,0.507
industrial/SAT-Comp-2009-CNF/SAT09/APPLICATIONS/bitverif/maxxororand/maxxororand128.cnf.gz,880d9bf224768bf5ff256472682573c8,1093967,200000,247802,117366,695604,466681,1,2.281
industrial/SAT-Comp-2009-CNF/SAT09/APPLICATIONS/bitverif/minand/minand128.cnf.gz,0ff3de964d342de828b09a544fb51f55,159692,159692,53999,0,267690,372612,0,0.528
industrial/SAT-Comp-2009-CNF/SAT09/APPLICATIONS/bitverif/minandmaxor/minandmaxor032.cnf.gz,7aa9083488761f6a0adf8db702739a78,48332,48332,16239,0,80810,112772,0,0.161
industrial/SAT-Comp-2009-CNF/SAT09/APPLICATIONS/bitverif/minor/minor032.cnf.gz,05680de3febd39916e496dd772cb8c19,12053,12053,4210,0,20473,28121,0,0.04
industrial/SAT-Comp-2009-CNF/SAT09/APPLICATIONS/bitverif/minor/minor064.cnf.gz,d58b7011586b7aab745f6def9ca31820,42581,42581,14578,0,71737,99353,0,0.143
industrial/SAT-Comp-2009-CNF/SAT09/APPLICATIONS/bitverif/minxorminand/minxorminand032.cnf.gz,dc8ddb17b01d65aebc2223d4c26f9d00,31997,31997,10794,0,53585,74657,0,0.108
industrial/SAT-Comp-2009-CNF/SAT09/APPLICATIONS/bitverif/smulo/smulo016.cnf.gz,01843a0195183ca14246a88bf7bad482,8738,8738,2945,0,14628,20386,0,0.029
industrial/SAT-Comp-2009-CNF/SAT09/APPLICATIONS/c32sat/post-c32s-col400-16.cnf.gz,8116e523ef948391681ab0c0d64ee1bb,839692,200000,228341,57988,656682,466721,1,1.853
industrial/SAT-Comp-2009-CNF/SAT09/APPLICATIONS/c32sat/post-c32s-gcdm16-22.cnf.gz,7310b5a8a4bdce36eeaf776ff02446a4,386749,200000,127275,2377,454550,466670,1,1.084
industrial/SAT-Comp-2009-CNF/SAT09/APPLICATIONS/c32sat/post-c32s-gcdm16-23.cnf.gz,1eb3ccb3f88643710a3f6e860b6e44d9,404326,200000,132408,3135,464816,466433,1,1.114
industrial/SAT-Comp-2009-CNF/SAT09/APPLICATIONS/c32sat/post-cbmc-aes-ee-r3-noholes.cnf.gz,44fd38bd0c5fc7336be468161dee4eda,2928183,200000,222627,276096,645254,537072,1,5.672
industrial/SAT-Comp-2009-CNF/SAT09/APPLICATIONS/c32sat/post-cbmc-aes-ele-noholes.cnf.gz,d2ac39de7a7d1c322a0624e14db31cc5,1601376,200000,174652,96311,549304,540239,1,3.341
industrial/SAT-Comp-2009-CNF/SAT09/APPLICATIONS/crypto/desgen/gss-13-s100.cnf.gz,5f9c3750ba6e40479eca39b22337ced0,92735,92735,30867,0,154469,218247,0,0.345
industrial/SAT-Comp-2009-CNF/SAT09/APPLICATIONS/crypto/desgen/gss-14-s100.cnf.gz,be63e79965dd148473cdaec0bf91afdc,93855,93855,31229,0,156313,220949,0,0.34
industrial/SAT-Comp-2009-CNF/SAT09/APPLICATIONS/crypto/desgen/gss-15-s100.cnf.gz,dd5eb1bc337be11ab832e945a0c6cb6d,93878,93878,31238,0,156354,221002,0,0.328
industrial/SAT-Comp-2009-CNF/SAT09/APPLICATIONS/crypto/desgen/gss-17-s100.cnf.gz,9b46e54786aa2c31410be01a1fe9446d,94116,94116,31318,0,156752,221584,0,0.345
industrial/SAT-Comp-2009-CNF/SAT09/APPLICATIONS/crypto/desgen/gss-21-s100.cnf.gz,a87e18789493f69e6b092606ab05d0b3,95104,95104,31613,0,158330,224206,0,0.341
industrial/SAT-Comp-2009-CNF/SAT09/APPLICATIONS/crypto/desgen/gss-32-s100.cnf.gz,7019380ece3206b1bbc6f544ce63c08d,97285,97285,32312,0,161909,229627,0,0.346
industrial/SAT-Comp-2009-CNF/SAT09/APPLICATIONS/crypto/desgen/gss-33-s100.cnf.gz,942468a5d4d99ca28508977a2994a90b,97556,97556,32402,0,162360,230290,0,0.344
industrial/SAT-Comp-2009-CNF/SAT09/APPLICATIONS/crypto/desgen/gss-34-s100.cnf.gz,39817f63ea7fa6d90b1cf245fbd54ca8,97748,97748,32465,0,162678,230766,0,0.352
industrial/SAT-Comp-2009-CNF/SAT09/APPLICATIONS/crypto/md5gen/gus-md5-04.cnf.gz,44d073f9595fd351bdd3062168459b05,223994,200000,68679,0,337358,518351,1,0.846
industrial/SAT-Comp-2009-CNF/SAT09/APPLICATIONS/crypto/md5gen/gus-md5-05.cnf.gz,f69daa6b3d49d925f8574bef8b108922,224473,200000,68827,0,337654,518452,1,0.862
industrial/SAT-Comp-2009-CNF/SAT09/APPLICATIONS/crypto/md5gen/gus-md5-06.cnf.gz,3e0a186ce9bcb63e4f5ed066228d60d4,224868,200000,68950,3,337900,518344,1,0.881
industrial/SAT-Comp-2009-CNF/SAT09/APPLICATIONS/crypto/md5gen/gus-md5-11.cnf.gz,6e3015f2ce1f17e4f2b81dae06d73eec,226787,200000,69560,1,339120,518401,1,0.885
industrial/SAT-Comp-2009-CNF/SAT09/APPLICATIONS/crypto/md5gen/gus-md5-14.cnf.gz,6b3650fa4497364aee9a60c2b1be994d,227010,200000,69638,3,339276,518294,1,0.895
industrial/SAT-Comp-2009-CNF/SAT09/APPLICATIONS/crypto/md5gen/gus-md5-15.cnf.gz,b3d97188831c8d1d969e8fdaf64c9358,227171,200000,69693,2,339386,518210,1,0.834
industrial/SAT-Comp-2009-CNF/SAT09/APPLICATIONS/crypto/md5gen/gus-md5-16.cnf.gz,775803ab21bb3a579d6d55de284d9677,228634,200000,70137,2,340274,518244,1,0.831
industrial/SAT-Comp-2009-CNF/SAT09/APPLICATIONS/diagnosis/ACG-10-5p0.cnf.gz,b570684f062331483419f3e28ab05b69,539763,200000,118819,5106,437638,464621,1,1.35
industrial/SAT-Comp-2009-CNF/SAT09/APPLICATIONS/diagnosis/UCG-10-5p0.cnf.gz,4e9552083f7a7510a195fd8990caeecf,500875,200000,101056,3425,402112,469837,1,1.258
industrial/SAT-Comp-2009-CNF/SAT09/APPLICATIONS/diagnosis/UCG-15-5p0.cnf.gz,2fbd07c399ed9a0d7887aad9c815f0f1,821000,200000,142510,20186,485020,476127,1,1.81
industrial/SAT-Comp-2009-CNF/SAT09/APPLICATIONS/diagnosis/UR-10-5p0.cnf.gz,1a828f3b11399d2e9c0709e5b322891a,500869,200000,101066,3413,402132,468991,1,1.229
industrial/SAT-Comp-2009-CNF/SAT09/APPLICATIONS/diagnosis/UR-10-5p1.cnf.gz,342b5051905c00be7850050ff6d41658,508020,200000,101197,3659,402394,470341,1,1.284
industrial/SAT-Comp-2009-CNF/SAT09/APPLICATIONS/diagnosis/UR-15-5p0.cnf.gz,cc29d3f0616ec11db3afd1f1a24db15e,820958,200000,142756,19926,485512,476188,1,1.758
industrial/SAT-Comp-2009-CNF/SAT09/APPLICATIONS/diagnosis/UR-20-5p1.cnf.gz,9bd299393602718a39efb1dd62fbe1a3,1204358,200000,174338,50624,548676,482809,1,2.43
industrial/SAT-Comp-2009-CNF/SAT09/APPLICATIONS/diagnosis/UTI-10-10p0.cnf.gz,f4b20b0ce3ff1eb7cafce63ee095b2ed,627223,200000,122044,8815,444088,469346,1,1.494
industrial/SAT-Comp-2009-CNF/SAT09/APPLICATIONS/diagnosis/UTI-15-10p0.cnf.gz,edcc3e7206ee90a054054e93143f0deb,1006679,200000,164551,35035,529102,476043,1,2.157
industrial/SAT-Comp-2009-CNF/SAT09/APPLICATIONS/diagnosis/UTI-15-10p1.cnf.gz,cab291daca15b511611c9425089d95b6,1019667,200000,164277,35875,528554,476968,1,2.205
industrial/SAT-Comp-2009-CNF/SAT09/APPLICATIONS/diagnosis/UTI-15-5p0.cnf.gz,5e0a8cf6af260866af770ec564f3a78f,821689,200000,142881,20045,485762,475663,1,1.863
industrial/SAT-Comp-2009-CNF/SAT09/APPLICATIONS/diagnosis/UTI-15-5p1.cnf.gz,595710a1ccc21614ed557f0feae92f73,832285,200000,142627,20761,485254,477151,1,1.803
industrial/SAT-Comp-2009-CNF/SAT09/APPLICATIONS/diagnosis/UTI-20-5p0.cnf.gz,36b272e6ffd1663d637b0fcc0ddc37d4,1192799,200000,175053,50243,550106,481785,1,2.399
industrial/SAT-Comp-2009-CNF/SAT09/APPLICATIONS/satComp09_BioInstances/ndhf_xits_10_UNSAT.cnf.gz,ba38eba7fb6ab909de2e5e32407801ee,191788,191788,2112,0,196012,572017,0,0.659
industrial/SAT-Comp-2009-CNF/SAT09/APPLICATIONS/satComp09_BioInstances/ndhf_xits_11_UNSAT.cnf.gz,f455bef73d49e8afdb5c4802f7635fa4,216962,200000,2316,0,204632,596674,1,0.75
industrial/SAT-Comp-2009-CNF/SAT09/APPLICATIONS/satComp09_BioInstances/ndhf_xits_12_UNSAT.cnf.gz,e9ec22a0e1fe46ab5665862472161eb1,243459,200000,2522,0,205044,596822,1,0.794
industrial/SAT-Comp-2009-CNF/SAT09/APPLICATIONS/satComp09_BioInstances/ndhf_xits_14_UNSAT.cnf.gz,6429fd19964340bd367686d2ecef929b,300446,200000,2938,2,205876,597125,1,0.899
industrial/SAT-Comp-2009-CNF/SAT09/APPLICATIONS/satComp09_BioInstances/ndhf_xits_15_UNKNOWN.cnf.gz,4ee4595cf58d4c67e8d0c6c032ccac6b,330948,200000,3145,7,206290,597200,1,0.949
industrial/SAT-Comp-2009-CNF/SAT09/APPLICATIONS/satComp09_BioInstances/ndhf_xits_16_UNKNOWN.cnf.gz,384457533a40301d6cc5a40cfeed82d3,362797,200000,3343,23,206686,597433,1,1.023
industrial/SAT-Comp-2009-CNF/SAT09/APPLICATIONS/satComp09_BioInstances/ndhf_xits_20_SAT.cnf.gz,58c3cf0b8270552e79a074bb12956b00,503783,200000,4143,99,208286,597791,1,1.245
industrial/SAT-Comp-2009-CNF/SAT09/APPLICATIONS/satComp09_BioInstances/ndhf_xits_21_SAT.cnf.gz,23b15b56a6dc5c41c2e47a349765107d,542457,200000,4321,145,208642,597793,1,1.327
industrial/SAT-Comp-2009-CNF/SAT09/APPLICATIONS/satComp09_BioInstances/ndhf_xits_22_SAT.cnf.gz,cee303b6b648d819c6553a3b7dacdb87,582514,200000,4503,189,209006,597800,1,1.389
industrial/SAT-Comp-2009-CNF/SAT09/APPLICATIONS/satComp09_BioInstances/rbcl_xits_06_UNSAT.cnf.gz,69808dd7930336074bc2be625a95366f,47620,47620,980,0,49580,141221,0,0.162
industrial/SAT-Comp-2009-CNF/SAT09/APPLICATIONS/satComp09_BioInstances/rbcl_xits_07_UNSAT.cnf.gz,89e29f3f789f148d498dac0265413fa9,57446,57446,1128,0,59702,170514,0,0.2
industrial/SAT-Comp-2009-CNF/SAT09/APPLICATIONS/satComp09_BioInstances/rbcl_xits_10_UNKNOWN.cnf.gz,c38fe5966f9d036ed94b86992a3d57f1,91646,91646,1584,0,94814,272553,0,0.317
industrial/SAT-Comp-2009-CNF/SAT09/APPLICATIONS/satComp09_BioInstances/rbcl_xits_12_UNKNOWN.cnf.gz,9d211bf33e61807416ac78dfd2798512,118441,118441,1898,0,122237,352559,0,0.408
industrial/SAT-Comp-2009-CNF/SAT09/APPLICATIONS/satComp09_BioInstances/rpoc_xits_07_UNSAT.cnf.gz,f3f0e4bf0cc83188b2cb3ab08d797ec8,63345,63345,1128,0,65601,188200,0,0.218
industrial/SAT-Comp-2009-CNF/SAT09/APPLICATIONS/satComp09_BioInstances/rpoc_xits_12_UNKNOWN.cnf.gz,430cdf78dce62688bcffb74f9108f98b,128735,128735,1898,0,132531,383430,0,0.44
industrial/SAT-Comp-2009-CNF/SAT09/APPLICATIONS/satComp09_BioInstances/rpoc_xits_17_SAT.cnf.gz,33781a734f0034b9942dcd2c12b50065,215000,200000,2718,0,205436,596524,1,0.742
industrial/SAT-Comp-2009-CNF/SAT_RACE06/een-tip-uns-nusmv-t5.B.cnf.gz,924b11330949de74d5adbac047961865,170983,170983,59265,0,289513,413505,0,0.599
industrial/SAT-Comp-2009-CNF/SAT_RACE06/manol-pipe-c9.cnf.gz,e7645102745dc82e76d48b8a9ac38bec,45082,45082,15214,0,75510,105190,0,0.152
industrial/SAT-Comp-2009-CNF/SAT_RACE06/manol-pipe-g10id.cnf.gz,a1a849de5a74ba44f7afe48cf0a057e3,473596,200000,149600,10038,499200,466691,1,1.196
industrial/SAT-Comp-2009-CNF/SAT_RACE06/manol-pipe-g6bi.cnf.gz,1a2a0537c8abab1738f3f3f8a3c06299,69895,69895,23891,0,117677,163087,0,0.239
industrial/SAT-Comp-2009-CNF/SAT_RACE06/velev-live-uns-2.0-ebuf.cnf.gz,6ee6e0675e127fa25583f5804f60fcc8,161477,161477,14628,0,190733,460215,0,0.605
industrial/SAT-Comp-2009-CNF/SAT_RACE06/velev-pipe-o-uns-1.0-7.cnf.gz,2ef023ae6c46e4415734f9349a36d678,711050,200000,23785,630,247570,587006,1,1.599
industrial/SAT-Comp-2009-CNF/SAT_RACE06/velev-pipe-o-uns-1.1-6.cnf.gz,d672bdbca3b1fb26d585e78add79537e,304026,200000,17659,51,235318,585571,1,0.953
industrial/SAT-Comp-2009-CNF/SAT_RACE06/velev-pipe-sat-1.0-b10.cnf.gz,75e0c8b167b220c2aecb64c9e265c949,8804672,200000,83145,34895,366290,590600,1,15.431
industrial/SAT-Comp-2009-CNF/SAT_RACE06/velev-pipe-sat-1.0-b7.cnf.gz,6832fe907740af686fde98518067ea3f,8804672,200000,83145,34895,366290,590600,1,15.09
industrial/SAT-Comp-2009-CNF/SAT_RACE08/cnf/aloul-chnl11-13.cnf.gz,7399b86263f8b97f37480968786d1a9a,1742,1742,286,0,2314,3718,0,0.007
industrial/SAT-Comp-2009-CNF/SAT_RACE08/cnf/cmu-bmc-barrel6.cnf.gz,9639776a8e53169c5ac16493a7daead2,8931,8931,2306,0,13543,24664,0,0.032
industrial/SAT-Comp-2009-CNF/SAT_RACE08/cnf/cmu-bmc-longmult15.cnf.gz,bb34f22f50ac97cee40bbc48e0ab8bb2,24351,24351,7807,0,39965,58557,0,0.084
industrial/SAT-Comp-2009-CNF/SAT_RACE08/cnf/een-tip-sat-texas-tp-5e.cnf.gz,60288b7018d18d48484e9b8e8e428031,52128,52128,17985,0,88098,123454,0,0.183
industrial/SAT-Comp-2009-CNF/SAT_RACE08/cnf/manol-pipe-c6bidw_i.cnf.gz,97639332fbfccf2143cac005da94d5dc,283993,200000,95859,230,391718,466724,1,0.883
industrial/SAT-Comp-2009-CNF/SAT_RACE08/cnf/mizh-sha0-36-3.cnf.gz,d02fc21fe69a1251c4af39291ace1bdb,210235,200000,50073,0,300146,597886,1,0.794
industrial/SAT-Comp-2009-CNF/SAT_RACE08/cnf/mizh-sha0-36-4.cnf.gz,bb5cd66e061b1b5d04ee907619906922,210235,200000,50073,0,300146,597862,1,0.781
industrial/SAT-Comp-2009-CNF/SAT_RACE08/cnf/velev-engi-uns-1.0-4nd.cnf.gz,21e6e2a12564427cb2820bef20cb2bf4,67586,67586,7000,0,81586,190944,0,0.247
industrial/SAT-Comp-2011-CNF/fuhs/AProVE11/AProVE11-02.cnf.gz,5cf0eee780d34bf1fd2cb3bc97146e2d,743081,200000,191489,23245,582978,524532,1,1.78
industrial/SAT-Comp-2011-CNF/fuhs/AProVE11/AProVE11-07.cnf.gz,98dfc0231ddb76aa8a65fe1c892ac94a,782677,200000,203751,29426,607502,522070,1,1.93
industrial/SAT-Comp-2011-CNF/fuhs/AProVE11/AProVE11-09.cnf.gz,28701a53f9a122696509edde4101a477,234693,200000,68778,1,337556,520610,1,0.851
industrial/SAT-Comp-2011-CNF/fuhs/AProVE11/AProVE11-10.cnf.gz,8b1bd6edad9760fa71dd2b5a8623785f,1008603,200000,232994,56834,665988,526127,1,2.384
industrial/SAT-Comp-2011-CNF/fuhs/AProVE11/AProVE11-11.cnf.gz,d2d00c7ad119888c2ee5949300467e0e,325263,200000,96136,390,392272,522436,1,1.025
industrial/SAT-Comp-2011-CNF/fuhs/AProVE11/AProVE11-12.cnf.gz,0f27eae382e7dcd8fd956ab914083a29,149118,149118,44805,0,238728,387736,0,0.542
industrial/SAT-Comp-2011-CNF/fuhs/AProVE11/AProVE11-13.cnf.gz,c7bdc373559430372ddd5155267e3cdb,1742927,200000,312230,191959,824460,522387,1,3.609
industrial/SAT-Comp-2011-CNF/fuhs/AProVE11/AProVE11-15.cnf.gz,d386c7e9c36009d0666f53916e8d20d7,228274,200000,66714,1,333428,524086,1,0.785
industrial/SAT-Comp-2011-CNF/fuhs/AProVE11/AProVE11-16.cnf.gz,1a831026c50d7f5ed5a696a99d57e365,282766,200000,83944,81,367888,522065,1,0.895
industrial/SAT-Comp-2011-CNF/fuhs/slp-synthesis-AES/slp-synthesis-aes-bottom12.cnf.gz,de1210fbecfa61933543adc384a62bcb,57292,57292,17298,0,91888,145234,0,0.198
industrial/SAT-Comp-2011-CNF/fuhs/slp-synthesis-AES/slp-synthesis-aes-bottom13.cnf.gz,44f304b3659209a3230067913f996ac3,66333,66333,19995,0,106323,168341,0,0.229
industrial/SAT-Comp-2011-CNF/fuhs/slp-synthesis-AES/slp-synthesis-aes-bottom14.cnf.gz,4ab31f42fda8f9e38e546fc3a6ed3341,76038,76038,22886,0,121810,193162,0,0.263
industrial/SAT-Comp-2011-CNF/fuhs/slp-synthesis-AES/slp-synthesis-aes-bottom15.cnf.gz,b9e8b9a81de71e12018fb63da04183e4,86411,86411,25972,0,138355,219707,0,0.305
industrial/SAT-Comp-2011-CNF/fuhs/slp-synthesis-AES/slp-synthesis-aes-bottom16.cnf.gz,066d6a47dfd9648d913ba8dbce722d75,97456,97456,29254,0,155964,247986,0,0.338
industrial/SAT-Comp-2011-CNF/fuhs/slp-synthesis-AES/slp-synthesis-aes-bottom17.cnf.gz,37e6cf756d59143153ef3a0ff8804747,109177,109177,32733,0,174643,278009,0,0.387
industrial/SAT-Comp-2011-CNF/fuhs/slp-synthesis-AES/slp-synthesis-aes-bottom18.cnf.gz,87cc470325d812eafe6157862786e64e,121578,121578,36410,0,194398,309786,0,0.442
industrial/SAT-Comp-2011-CNF/fuhs/slp-synthesis-AES/slp-synthesis-aes-bottom19.cnf.gz,bfd82798e759710ce0e95f958668d1e1,134663,134663,40286,0,215235,343327,0,0.488
industrial/SAT-Comp-2011-CNF/fuhs/slp-synthesis-AES/slp-synthesis-aes-bottom20.cnf.gz,d9042de56b5a0ee763ad7f9629aa52f8,148436,148436,44362,0,237160,378642,0,0.519
industrial/SAT-Comp-2011-CNF/fuhs/slp-synthesis-AES/slp-synthesis-aes-bottom21.cnf.gz,ce506e5be563394b7315c7dace0b93a3,162901,162901,48639,0,260179,415741,0,0.57
industrial/SAT-Comp-2011-CNF/fuhs/slp-synthesis-AES/slp-synthesis-aes-bottom22.cnf.gz,05eee75ab69270c322b9ef6bc1ee8604,178062,178062,53118,0,284298,454634,0,0.62
industrial/SAT-Comp-2011-CNF/fuhs/slp-synthesis-AES/slp-synthesis-aes-bottom23.cnf.gz,ea58a86e309da3e135dbc388655c62e0,193923,193923,57800,0,309523,495331,0,0.688
industrial/SAT-Comp-2011-CNF/fuhs/slp-synthesis-AES/slp-synthesis-aes-bottom24.cnf.gz,02197ec055ea06c347bf1c6ceb6facf7,210488,200000,62686,0,325372,511037,1,0.767
industrial/SAT-Comp-2011-CNF/fuhs/slp-synthesis-AES/slp-synthesis-aes-bottom25.cnf.gz,71a17d039c1586c87dcb52b3150d0efe,227761,200000,67777,0,335554,511510,1,0.792
industrial/SAT-Comp-2011-CNF/fuhs/slp-synthesis-AES/slp-synthesis-aes-bottom26.cnf.gz,81814719f17eff94659312d242384cd2,245746,200000,73062,12,346124,511899,1,0.815
industrial/SAT-Comp-2011-CNF/fuhs/slp-synthesis-AES/slp-synthesis-aes-top22.cnf.gz,4419451f2df6d028a7fa86ef20717608,177646,177646,55875,0,289396,434144,0,0.61
industrial/SAT-Comp-2011-CNF/fuhs/slp-synthesis-AES/slp-synthesis-aes-top24.cnf.gz,2f779374c7998f8bdfc2eb9f259c75ae,209942,200000,65983,0,331966,489100,1,0.737
industrial/SAT-Comp-2011-CNF/fuhs/slp-synthesis-AES/slp-synthesis-aes-top25.cnf.gz,cc91e954905f39e3a40a8fb22c4ac6da,227126,200000,71356,0,342712,489375,1,0.771
industrial/SAT-Comp-2011-CNF/fuhs/slp-synthesis-AES/slp-synthesis-aes-top28.cnf.gz,98573564bc4cf6f6f39439fc00f440b2,282870,200000,88666,97,377332,490339,1,0.89
industrial/SAT-Comp-2011-CNF/fuhs/slp-synthesis-AES/slp-synthesis-aes-top29.cnf.gz,f959755d7c68ea8b64d900e589fbe21f,302862,200000,94722,276,389444,490530,1,0.962
industrial/SAT-Comp-2011-CNF/fuhs/slp-synthesis-AES/slp-synthesis-aes-top30.cnf.gz,79b9e24dd9af185dbec18c9b0a32b1e2,323566,200000,100909,542,401818,487067,1,0.959
industrial/SAT-Comp-2011-CNF/jarvisalo/AAAI2010-SATPlanning/aaai10-planning-ipc5-TPP-30-step11.cnf.gz,d3820e4e93b3012da5acfda30ca9fda0,2920820,200000,217016,97439,634032,432167,1,5.304
industrial/SAT-Comp-2011-CNF/jarvisalo/AAAI2010-SATPlanning/aaai10-planning-ipc5-pathways-17-step21.cnf.gz,eaecd11ef57212f1dfa7947603410477,308235,200000,53805,114,307610,447783,1,0.923
industrial/SAT-Comp-2011-CNF/jarvisalo/AAAI2010-SATPlanning/aaai10-planning-ipc5-pipesworld-12-step15.cnf.gz,dae01a74a0012d686caa25a22a4dd12d,943492,200000,58492,4857,316984,456673,1,1.99
industrial/SAT-Comp-2011-CNF/jarvisalo/AAAI2010-SATPlanning/aaai10-planning-ipc5-pipesworld-12-step16.cnf.gz,ae5316a6e04102a9ca4cd594daaf22e3,1029036,200000,62978,5974,325956,455956,1,2.104
industrial/SAT-Comp-2011-CNF/jarvisalo/AAAI2010-SATPlanning/aaai10-planning-ipc5-pipesworld-18-step15.cnf.gz,6d6bbc183e9054f627e578db6ade59ec,2509375,200000,110577,19444,421154,450432,1,4.474
industrial/SAT-Comp-2011-CNF/jarvisalo/AAAI2010-SATPlanning/aaai10-planning-ipc5-pipesworld-18-step16.cnf.gz,10006cfd243f7851022bc69250862357,2742601,200000,118197,23659,436394,452717,1,4.868
industrial/SAT-Comp-2011-CNF/jarvisalo/AAAI2010-SATPlanning/aaai10-planning-ipc5-pipesworld-27-step13.cnf.gz,2920d61acbb6772551f56d00c8095ae5,5314673,200000,157991,66237,515982,440499,1,9.205
industrial/SAT-Comp-2011-CNF/jarvisalo/AAAI2010-SATPlanning/aaai10-planning-ipc5-pipesworld-27-step14.cnf.gz,32f9900af4924d30329eb0eb9f8aa26b,5949456,200000,167728,81890,535456,440399,1,10.386
industrial/SAT-Comp-2011-CNF/jarvisalo/AAAI2010-SATPlanning/aaai10-planning-ipc5-rovers-18-step11.cnf.gz,d752a22325ed125c86615ff3171938b8,277090,200000,29310,7,258620,433120,1,0.812
industrial/SAT-Comp-2011-CNF/jarvisalo/AAAI2010-SATPlanning/aaai10-planning-ipc5-rovers-18-step12.cnf.gz,e8b1cf92d8911d0c08ca69ba75cd21ca,308440,200000,32501,22,265002,431629,1,0.868
industrial/SAT-Comp-2011-CNF/jarvisalo/HWMCC10-combination-timeframe-expansion/hwmcc10-timeframe-expansion-k45-bc57sensorsp1-tseitin.cnf.gz,50888c8b378ab340bfd136a1bb04a1c2,174791,174791,63327,0,301445,407843,0,0.585
industrial/SAT-Comp-2011-CNF/jarvisalo/HWMCC10-combination-timeframe-expansion/hwmcc10-timeframe-expansion-k45-bobsm5378d2-tseitin.cnf.gz,f7d34470d887c8fd66afeb28ba2911d3,241364,200000,81998,9,363996,466645,1,0.801
industrial/SAT-Comp-2011-CNF/jarvisalo/HWMCC10-combination-timeframe-expansion/hwmcc10-timeframe-expansion-k45-bobsmhdlc2-tseitin.cnf.gz,52aa6129cbf1fc57bd9fce305257d9b9,129620,129620,44692,0,219004,302444,0,0.446
industrial/SAT-Comp-2011-CNF/jarvisalo/HWMCC10-combination-timeframe-expansion/hwmcc10-timeframe-expansion-k45-pdtpmsgoodbakery-tseitin.cnf.gz,42bae687b8c0f3061b135ddc21b24d7a,296405,200000,98685,250,397370,466953,1,0.904
industrial/SAT-Comp-2011-CNF/jarvisalo/HWMCC10-combination-timeframe-expansion/hwmcc10-timeframe-expansion-k45-pdtpmspalu-tseitin.cnf.gz,25cd3af99e41fffd8980180ea1d49b53,265718,200000,89102,88,378204,466735,1,0.831
industrial/SAT-Comp-2011-CNF/jarvisalo/HWMCC10-combination-timeframe-expansion/hwmcc10-timeframe-expansion-k45-pdtswvqis8x8p2-tseitin.cnf.gz,701c96dc91c057c23026454520da2054,469046,200000,147552,9169,495104,466585,1,1.198
industrial/SAT-Comp-2011-CNF/jarvisalo/HWMCC10-combination-timeframe-expansion/hwmcc10-timeframe-expansion-k45-pdtswvrod6x8p1-tseitin.cnf.gz,c7e1c685f8ea6134f621b7bd7c22c823,479591,200000,149931,10313,499862,466449,1,1.223
industrial/SAT-Comp-2011-CNF/jarvisalo/HWMCC10-combination-timeframe-expansion/hwmcc10-timeframe-expansion-k45-pdtswvtms14x8p1-tseitin.cnf.gz,54ff7ae09469921a47c6971a12e5b805,285404,200000,95798,297,391596,466669,1,0.857
industrial/SAT-Comp-2011-CNF/jarvisalo/HWMCC10-combination-timeframe-expansion/hwmcc10-timeframe-expansion-k45-pdtviseisenberg1-tseitin.cnf.gz,a662280908a6cf1ce7279f58a495d748,307469,200000,102147,474,404294,466947,1,0.914
industrial/SAT-Comp-2011-CNF/jarvisalo/HWMCC10-combination-timeframe-expansion/hwmcc10-timeframe-expansion-k45-pdtvissoap1-tseitin.cnf.gz,4e476731d6c65e9195b3ed81b1636384,466691,200000,148560,7498,497120,466432,1,1.225
industrial/SAT-Comp-2011-CNF/jarvisalo/HWMCC10-combination-timeframe-expansion/hwmcc10-timeframe-expansion-k50-bc57sensorsp2-tseitin.cnf.gz,5697a40866ca0bdd9888c7c1e71ec5ae,196970,196970,71285,0,339540,459594,0,0.672
industrial/SAT-Comp-2011-CNF/jarvisalo/HWMCC10-combination-timeframe-expansion/hwmcc10-timeframe-expansion-k50-bc57sensorsp3-tseitin.cnf.gz,97b5d13f253ebdb6043b1339838c7e25,194006,194006,70297,0,334600,452678,0,0.66
industrial/SAT-Comp-2011-CNF/jarvisalo/HWMCC10-combination-timeframe-expansion/hwmcc10-timeframe-expansion-k50-bjrb07amba2andenv-tseitin.cnf.gz,af92393bfacc2b077e845b934c703282,209513,200000,70167,0,340334,466686,1,0.742
industrial/SAT-Comp-2011-CNF/jarvisalo/HWMCC10-combination-timeframe-expansion/hwmcc10-timeframe-expansion-k50-eijkbs6669-tseitin.cnf.gz,bd48327b552374d6a65e02cd349ce834,564953,200000,176385,16118,552770,466424,1,1.384
industrial/SAT-Comp-2011-CNF/jarvisalo/HWMCC10-combination-timeframe-expansion/hwmcc10-timeframe-expansion-k50-nusmvreactorp4-tseitin.cnf.gz,48108995c886d103feda7b3ce8d790b3,158531,158531,56536,0,271603,369903,0,0.536
industrial/SAT-Comp-2011-CNF/jarvisalo/HWMCC10-combination-timeframe-expansion/hwmcc10-timeframe-expansion-k50-pdtswvsam6x8p3-tseitin.cnf.gz,c748c7d0cdf2459ff9d9ab2243da79a1,460862,200000,145721,8317,491442,466692,1,1.19
industrial/SAT-Comp-2011-CNF/jarvisalo/HWMCC10-combination-timeframe-expansion/hwmcc10-timeframe-expansion-k50-pdtviseisenberg2-tseitin.cnf.gz,8c0e6f2c46fe8768b0d88b44dc500adf,345359,200000,113929,1337,427858,466625,1,1.07
industrial/SAT-Comp-2011-CNF/jarvisalo/HWMCC10-combination-timeframe-expansion/hwmcc10-timeframe-expansion-k50-pdtvisns2p3-tseitin.cnf.gz,78bb5dc48b6b5cd47feb6c5eab421d9b,346850,200000,114956,1449,429912,466715,1,0.988
industrial/SAT-Comp-2011-CNF/jarvisalo/smtqfbv-aigs/smtlib-qfbv-aigs-bin_libmsrpc_vc1225336-tseitin.cnf.gz,a5841f9058a32893132e8583144db040,599363,200000,184789,21979,569578,466377,1,1.432
industrial/SAT-Comp-2011-CNF/jarvisalo/smtqfbv-aigs/smtlib-qfbv-aigs-bin_libsmbclient_vc1228502-tseitin.cnf.gz,86cea065bb59135d390c70dc3df07719,768347,200000,217192,49471,634384,466563,1,1.697
industrial/SAT-Comp-2011-CNF/jarvisalo/smtqfbv-aigs/smtlib-qfbv-aigs-bin_libsmbsharemodes_vc5759-tseitin.cnf.gz,1698bc45adbd800076d24e622a227436,456350,200000,155802,8956,511604,466884,1,1.164
industrial/SAT-Comp-2011-CNF/jarvisalo/smtqfbv-aigs/smtlib-qfbv-aigs-countbits128-tseitin.cnf.gz,0294158664d9ada36bd23fbb652cb823,287045,200000,95667,143,391334,466741,1,0.846
industrial/SAT-Comp-2011-CNF/jarvisalo/smtqfbv-aigs/smtlib-qfbv-aigs-ext_con_032_008_0256-tseitin.cnf.gz,1ff076565e0d5898c7a659ca79752a88,68879,68879,27224,0,123327,160715,0,0.229
industrial/SAT-Comp-2011-CNF/jarvisalo/smtqfbv-aigs/smtlib-qfbv-aigs-lfsr_004_127_112-tseitin.cnf.gz,3073edda0f43dc631c798ab3307551ca,878969,200000,265912,84594,731824,466818,1,1.939
industrial/SAT-Comp-2011-CNF/jarvisalo/smtqfbv-aigs/smtlib-qfbv-aigs-lfsr_008_063_080-tseitin.cnf.gz,f58feb98f29a7807fed9d9ff263c733a,656573,200000,223341,36421,646682,466436,1,1.576
industrial/SAT-Comp-2011-CNF/jarvisalo/smtqfbv-aigs/smtlib-qfbv-aigs-lfsr_008_079_112-tseitin.cnf.gz,9f418fa793e7b1e57a6d56e5aa6d7145,1130525,200000,296234,152136,792468,466799,1,2.403
industrial/SAT-Comp-2011-CNF/jarvisalo/smtqfbv-aigs/smtlib-qfbv-aigs-nlzbe256-tseitin.cnf.gz,b9a688ab96cb1847b4ab2288ad6354fb,1084031,200000,248606,113250,697212,466361,1,2.26
industrial/SAT-Comp-2011-CNF/jarvisalo/smtqfbv-aigs/smtlib-qfbv-aigs-rfunit_flat-64-tseitin.cnf.gz,fb3d56089d0e7b403190a3dc661f1293,720122,200000,227573,39232,655146,466518,1,1.61
industrial/SAT-Comp-2011-CNF/jarvisalo/smtqfbv-aigs/smtlib-qfbv-aigs-servers_slapd_a_vc149789-tseitin.cnf.gz,3c632491064f8b7b52656d2762971a05,1076507,200000,262619,97745,725238,466668,1,2.26
industrial/SAT-Comp-2011-CNF/jarvisalo/smtqfbv-aigs/smtlib-qfbv-aigs-src_wget_vc18517-tseitin.cnf.gz,9212cf527f2a304414851dd6a8d7fc42,538304,200000,169145,10900,538290,466875,1,1.312
industrial/SAT-Comp-2011-CNF/kullmann/AES/Benchmarks/128/aes_128_10_keyfind_1.cnf.gz,e42fd23bf50d6fb0507c4c9ff9f21806,96704,96704,8080,0,112864,539496,0,0.506
industrial/SAT-Comp-2011-CNF/kullmann/AES/Benchmarks/128/aes_128_1_keyfind_1.cnf.gz,5d5c0c05c8e7b3443aaa912528aa136f,10656,10656,1192,0,13040,56868,0,0.055
industrial/SAT-Comp-2011-CNF/kullmann/AES/Benchmarks/128/aes_128_2_keyfind_1.cnf.gz,90c2d9827fb2e8e7f1c62542275abce4,20544,20544,2000,0,24544,111944,0,0.106
industrial/SAT-Comp-2011-CNF/kullmann/AES/Benchmarks/128/aes_128_3_keyfind_1.cnf.gz,72383aa59a94c147711058fe3dca1ceb,30432,30432,2808,0,36048,167020,0,0.159
industrial/SAT-Comp-2011-CNF/kullmann/AES/Benchmarks/32/aes_32_1_keyfind_1.cnf.gz,6a7e2442211bec545e8929e02a8b6b22,1016,1016,300,0,1616,3096,0,0.006
industrial/SAT-Comp-2011-CNF/kullmann/AES/Benchmarks/32/aes_32_4_keyfind_1.cnf.gz,afc7b108e6dabc137cf109ef3e7bda16,3488,3488,912,0,5312,11040,0,0.014
industrial/SAT-Comp-2011-CNF/kullmann/AES/Benchmarks/64/aes_64_4_keyfind_1.cnf.gz,4b09c4fb82b0ae819b7f3766d9b7dcf1,9968,9968,1808,0,13584,39152,0,0.042
industrial/SAT-Comp-2011-CNF/leberre/2dimensionalstrippacking/E00X23.cnf.gz,ac3e3bb744e258282990aa4307c08cb8,2133873,200000,6864,8500,213728,1692752,1,6.496
industrial/SAT-Comp-2011-CNF/leberre/2dimensionalstrippacking/E02F17.cnf.gz,d32d87afa368dcdcc2dfef18573e39f4,69700,69700,6664,0,83028,326536,0,0.345
industrial/SAT-Comp-2011-CNF/leberre/2dimensionalstrippacking/E03N17.cnf.gz,09fb57fff97fc30b723f91d1c80965a6,93544,93544,6664,0,106872,502355,0,0.424
industrial/SAT-Comp-2011-CNF/leberre/2dimensionalstrippacking/E04F19.cnf.gz,01bc4d75a43a8293132d0be627341207,295685,200000,8999,45,217998,1446090,1,1.456
industrial/SAT-Comp-2011-CNF/leberre/2dimensionalstrippacking/E04F20.cnf.gz,f39e4b8e2d985361f1ea87b5b758ac78,484053,200000,9737,683,219474,1707372,1,2.171
industrial/SAT-Comp-2011-CNF/leberre/2dimensionalstrippacking/E04N18.cnf.gz,7162f7f1e18ff7e3010af4ca4396bd4e,120068,120068,7794,0,135656,708976,0,0.57
industrial/SAT-Comp-2011-CNF/leberre/2dimensionalstrippacking/E05F18.cnf.gz,c6be4aa0528dbebf2ef44e7db82d8124,126826,126826,7794,0,142414,748100,0,0.609
industrial/SAT-Comp-2011-CNF/leberre/2dimensionalstrippacking/E05F20.cnf.gz,e122841a6aedde3c61b62d2522d90a04,481346,200000,9698,722,219396,1602520,1,1.973
industrial/SAT-Comp-2011-CNF/leberre/2dimensionalstrippacking/E05X15.cnf.gz,654419e4eb84c8fb173e2c86d91b2c15,41379,41379,4740,0,50859,183934,0,0.172
industrial/SAT-Comp-2011-CNF/leberre/2dimensionalstrippacking/E07N15.cnf.gz,a48d1824522ea3eebe9aa6f0b97c8cf7,41363,41363,4740,0,50843,204185,0,0.181
industrial/SAT-Comp-2011-CNF/leberre/2dimensionalstrippacking/E15N15.cnf.gz,2441ba5849928fff87933a59ba0fd4f6,44327,44327,4740,0,53807,217697,0,0.187
industrial/SAT-Comp-2011-CNF/leberre/2dimensionalstrippacking/korf-15.cnf.gz,1b9e21b3efa0a59383777bb62781841e,45569,45569,4740,0,55049,233173,0,0.201
industrial/SAT-Comp-2011-CNF/leberre/2dimensionalstrippacking/korf-17.cnf.gz,ae48df6541d190c096b1e5ba22d1b534,89966,89966,6664,0,103294,425665,0,0.383
industrial/SAT-Comp-2011-CNF/manthey/traffic/traffic_3b_unknown.cnf.gz,4f76257bbc58d6d57930cecae506e4f9,533919,200000,38262,889,276524,737087,1,1.518
industrial/SAT-Comp-2011-CNF/manthey/traffic/traffic_b_unsat.cnf.gz,02d8847ee38504792705d794eb93e9a7,742909,200000,25766,295,251532,751758,1,1.972
industrial/SAT-Comp-2011-CNF/manthey/traffic/traffic_f_unknown.cnf.gz,002a0330958a14deb23dcc84b5489e8a,763101,200000,32091,1229,264182,747853,1,2.059
industrial/SAT-Comp-2011-CNF/manthey/traffic/traffic_fb_unknown.cnf.gz,73def4c8f18a27681197a626ebd973d8,773506,200000,34035,1784,268070,746290,1,1.995
industrial/SAT-Comp-2011-CNF/manthey/traffic/traffic_kkb_unknown.cnf.gz,db5739060cc056b6b4733e4527bb630c,701694,200000,33174,1336,266348,745389,1,1.984
industrial/SAT-Comp-2011-CNF/manthey/traffic/traffic_pcb_unknown.cnf.gz,d9b1ff2d48c5c8859d1fb8106023287a,766757,200000,32218,1102,264436,745407,1,2.142
industrial/SAT-Comp-2011-CNF/manthey/traffic/traffic_r_sat.cnf.gz,0ea326438968cc2d842332621db90b31,3362666,200000,83254,15397,366508,763476,1,6.878
industrial/SAT-Comp-2011-CNF/manthey/traffic/traffic_r_uc_sat.cnf.gz,125fe063849a753f60f98a174fb6af9f,4467733,200000,308968,158583,817936,702011,1,9.12
industrial/SAT-Comp-2011-CNF/rintanen/SATPlanning/blocks-blocks-36-0.120-NOTKNOWN.cnf.gz,9c5820bb66988fcab00e788ecb2bd182,8779920,200000,218395,271290,636790,432004,1,15.089
industrial/SAT-Comp-2011-CNF/rintanen/SATPlanning/blocks-blocks-36-0.160-NOTKNOWN.cnf.gz,0949ba00fc83c074bb2db981a543756f,11706080,200000,252766,399679,705532,437538,1,19.7
industrial/SAT-Comp-2011-CNF/rintanen/SATPlanning/blocks-blocks-36-0.170-NOTKNOWN.cnf.gz,cbfdc1183daf7250681c3ab1f3f07397,12437620,200000,255980,437155,711960,434415,1,20.891
industrial/SAT-Comp-2011-CNF/rintanen/SATPlanning/blocks-blocks-36-0.180-SAT.cnf.gz,7df8389c5b329a2e118a50a94c254e7d,13169160,200000,266304,467521,732608,439649,1,22.233
industrial/SAT-Comp-2011-CNF/rintanen/SATPlanning/blocks-blocks-37-1.120-NOTKNOWN.cnf.gz,6d2916a0453dcc757ce187fe29c863aa,9436757,200000,225395,291246,650790,434541,1,16.594
industrial/SAT-Comp-2011-CNF/rintanen/SATPlanning/blocks-blocks-37-1.130-NOTKNOWN.cnf.gz,13538df69c3bc26707750ba55d90c9b0,10223027,200000,237313,322258,674626,439393,1,17.384
industrial/SAT-Comp-2011-CNF/rintanen/SATPlanning/blocks-blocks-37-1.150-SAT.cnf.gz,5aea835073f0900d0015ae8f9eed9063,11795567,200000,247681,397750,695362,433517,1,19.99
industrial/SAT-Comp-2011-CNF/rintanen/SATPlanning/grid-strips-grid-y-3.035-NOTKNOWN.cnf.gz,3c3f1c67b5c43299bfa3b6eea8bedf33,2139615,200000,169628,87752,539256,476015,1,4.012
industrial/SAT-Comp-2011-CNF/rintanen/SATPlanning/grid-strips-grid-y-4.025-NOTKNOWN.cnf.gz,3d9a4a300b2121b2c36d93b20fa61b91,2464339,200000,173131,108805,546262,478427,1,4.434
industrial/SAT-Comp-2011-CNF/rintanen/SATPlanning/openstacks-sequencedstrips-nonadl-nonnegated-os-sequencedstrips-p30_1.025-NOTKNOWN.cnf.gz,2ca513f98cb00bf9ff0ff1f8a9caaf78,477186,200000,89935,5521,379870,478394,1,1.15
industrial/SAT-Comp-2011-CNF/rintanen/SATPlanning/openstacks-sequencedstrips-nonadl-nonnegated-os-sequencedstrips-p30_1.045-NOTKNOWN.cnf.gz,f6faccd9727aec407139f8959d3a9fd3,858766,200000,139763,31913,479526,477306,1,1.751
industrial/SAT-Comp-2011-CNF/rintanen/SATPlanning/openstacks-sequencedstrips-nonadl-nonnegated-os-sequencedstrips-p30_3.025-NOTKNOWN.cnf.gz,83dc8f675657b3e6d148ef5cf897fb82,483561,200000,89762,5694,379524,475153,1,1.179
industrial/SAT-Comp-2011-CNF/rintanen/SATPlanning/openstacks-sequencedstrips-nonadl-nonnegated-os-sequencedstrips-p30_3.035-NOTKNOWN.cnf.gz,d79ddf10618b5fce6e0ab18d5daabe8c,676901,200000,116819,16747,433638,477712,1,1.481
industrial/SAT-Comp-2011-CNF/rintanen/SATPlanning/sokoban-sequential-p145-microban-sequential.030-NOTKNOWN.cnf.gz,f49b4e156989d5a8105daa4f091f6d1c,1060536,200000,64177,1907,328354,457209,1,2.212
industrial/SAT-Comp-2011-CNF/rintanen/SATPlanning/sokoban-sequential-p145-microban-sequential.040-NOTKNOWN.cnf.gz,91a2200bf9ee50eff911bd822d949580,1413816,200000,82220,5664,364440,456306,1,2.799
industrial/SAT-Comp-2011-CNF/rintanen/SATPlanning/sokoban-sequential-p145-microban-sequential.060-NOTKNOWN.cnf.gz,c572eb6c8c0fdbaca952b43d5582cc07,2120376,200000,113059,18425,426118,457916,1,3.978
industrial/SAT-Comp-2011-CNF/rintanen/SATPlanning/sokoban-sequential-p145-microban-sequential.080-SAT.cnf.gz,c3621075609bccb71f473444d4bb32a1,2826936,200000,137946,37138,475892,456921,1,5.173
industrial/SAT-Comp-2011-CNF/rintanen/SATPlanning/transport-transport-city-sequential-25nodes-1000size-3degree-100mindistance-3trucks-10packages-2008seed.060-SAT.cnf.gz,08b6f45c900d30fb65462a65df69e214,3869060,200000,262162,460968,724324,473565,1,6.757
industrial/SAT-Comp-2011-CNF/rintanen/SATPlanning/transport-transport-city-sequential-35nodes-1000size-4degree-100mindistance-4trucks-14packages-2008seed.030-NOTKNOWN.cnf.gz,cd1fa4fa52834cf5c0c744dae3b226c7,5079060,200000,273161,672245,746322,466592,1,8.697
industrial/SAT-Comp-2011-CNF/rintanen/SATPlanning/transport-transport-three-cities-sequential-14nodes-1000size-4degree-100mindistance-4trucks-14packages-2008seed.020-NOTKNOWN.cnf.gz,2b79a32fe5eab5954569261405d7601c,4116966,200000,260148,496684,720296,473882,1,7.38
industrial/SAT-Comp-2011-CNF/rintanen/SATPlanning/transport-transport-three-cities-sequential-14nodes-1000size-4degree-100mindistance-4trucks-14packages-2008seed.030-NOTKNOWN.cnf.gz,467a9b8f9c802ca7e77743832325b268,6175026,200000,288657,846175,777314,477743,1,10.747
industrial/SAT-Comp-2013-CNF/SC13_submissions/biere_heule_jarvisalo_manthey--hwmcc12miters/opt/6s137.cnf.gz,d7400d0385e0d0b8353732a7ecd5abfd,2199436,200000,314888,451826,829776,466876,1,4.405
industrial/SAT-Comp-2013-CNF/SC13_submissions/biere_heule_jarvisalo_manthey--hwmcc12miters/opt/6s153.cnf.gz,ee3864c2fadf5caf85f6c1a9a2fabd79,245440,200000,85634,12,371268,466732,1,0.808
industrial/SAT-Comp-2013-CNF/SC13_submissions/biere_heule_jarvisalo_manthey--hwmcc12miters/opt/bob12m04.cnf.gz,893f330f96b0d6578804606ec2e25603,1677916,200000,316281,310625,832562,466394,1,3.314
industrial/SAT-Comp-2013-CNF/SC13_submissions/heule_weaver--arc4/arcfour_initialPermutation_6_15.cnf.gz,730ac66086ab89751ccb641b4e212230,405350,200000,104774,970,409548,580299,1,1.275
industrial/SAT-Comp-2013-CNF/SC13_submissions/heule_weaver--arc4/arcfour_initialPermutation_6_16.cnf.gz,e1dab34a860cef937ad5831e428162c7,405350,200000,104775,970,409550,580299,1,1.189
industrial/SAT-Comp-2013-CNF/SC13_submissions/heule_weaver--arc4/arcfour_initialPermutation_6_24.cnf.gz,b9fe4d54bf3398678112b2f1bad20bb4,405350,200000,104783,970,409566,580299,1,1.258
industrial/SAT-Comp-2013-CNF/SC13_submissions/heule_weaver--arc4/arcfour_initialPermutation_6_40.cnf.gz,ee4031b9933ee8c8c65822d0d2e27f33,405350,200000,104799,970,409598,580299,1,1.165
industrial/SAT-Comp-2013-CNF/SC13_submissions/heule_weaver--arc4/arcfour_initialPermutation_6_56.cnf.gz,a487321a03f27b463a3ed27c04bf3a46,405350,200000,104815,970,409630,580299,1,1.187
industrial/SAT-Comp-2013-CNF/SC13_submissions/kummling_grosmann--pesp/b04_s_2_unknown_pre.cnf.gz,5001aff0503c1dcede8e757fe5aa3b57,801488,200000,120591,2542,441182,609150,1,1.917
industrial/SAT-Comp-2013-CNF/SC13_submissions/kummling_grosmann--pesp/b04_s_unknown.cnf.gz,dde9ca6a4ca2c7fe7e7a8b9d8a69f485,1262210,200000,236392,54301,672784,570938,1,2.663
industrial/SAT-Comp-2013-CNF/SC13_submissions/kummling_grosmann--pesp/b04_s_unknown_pre.cnf.gz,31e9cd07f730b20faa7c3d0f1ba2ea2e,792142,200000,120730,2403,441460,612358,1,1.946
industrial/SAT-Comp-2013-CNF/SC13_submissions/kummling_grosmann--pesp/b_unsat.cnf.gz,eae918cf9ef468beb4ea91aafbbc9708,1010625,200000,109034,4373,418068,689080,1,2.489
industrial/SAT-Comp-2013-CNF/SC13_submissions/kummling_grosmann--pesp/b_unsat_pre.cnf.gz,3f688306f4263de7915f9d16dc907cd8,575617,200000,79765,322,359530,663530,1,1.529
industrial/SAT-Comp-2013-CNF/SC13_submissions/kummling_grosmann--pesp/ctl_3082_415_unsat.cnf.gz,92dcc93fa35f4029f1b50dcf0aade90d,103844,103844,12376,0,128596,348358,0,0.4
industrial/SAT-Comp-2013-CNF/SC13_submissions/kummling_grosmann--pesp/ctl_3082_415_unsat_pre.cnf.gz,8e883992b13498772ed8af6df10e557c,97667,97667,9520,0,116707,334840,0,0.37
industrial/SAT-Comp-2013-CNF/SC13_submissions/kummling_grosmann--pesp/ctl_4201_555_unsat.cnf.gz,02404a08ea36dd43362bbddc578c839d,144538,144538,17374,0,179286,481703,0,0.548
industrial/SAT-Comp-2013-CNF/SC13_submissions/kummling_grosmann--pesp/ctl_4201_555_unsat_pre.cnf.gz,07c50b89d97a55b6e1629999a445a2ba,141683,141683,14756,0,171195,478920,0,0.539
industrial/SAT-Comp-2013-CNF/SC13_submissions/kummling_grosmann--pesp/ctl_4291_567_10_unsat.cnf.gz,16de92335666e9714a3add7f604f3714,154048,154048,17850,0,189748,515013,0,0.587
industrial/SAT-Comp-2013-CNF/SC13_submissions/kummling_grosmann--pesp/ctl_4291_567_10_unsat_pre.cnf.gz,ef4207e8736517fd3abc555d3f98bae8,157735,157735,15232,0,188199,537776,0,0.612
industrial/SAT-Comp-2013-CNF/SC13_submissions/kummling_grosmann--pesp/ctl_4291_567_11_unsat.cnf.gz,8bf857909f1117a9e29a4788bf77d485,147308,147308,17850,0,183008,494697,0,0.57
industrial/SAT-Comp-2013-CNF/SC13_submissions/kummling_grosmann--pesp/ctl_4291_567_11_unsat_pre.cnf.gz,3bdc74c99f45d1f4e00bd207c2173c9d,142785,142785,15232,0,173249,487057,0,0.559
industrial/SAT-Comp-2013-CNF/SC13_submissions/kummling_grosmann--pesp/ctl_4291_567_12_unsat.cnf.gz,c9886f58320a360adbc8db9470563bea,156259,156259,17850,0,191959,518905,0,0.601
industrial/SAT-Comp-2013-CNF/SC13_submissions/kummling_grosmann--pesp/ctl_4291_567_12_unsat_pre.cnf.gz,70098e87af7e1b512b50985e1b319e0c,259243,200000,15232,0,230464,719184,1,0.956
industrial/SAT-Comp-2013-CNF/SC13_submissions/kummling_grosmann--pesp/ctl_4291_567_1_unsat.cnf.gz,c9aeaebe08aa8abf73a800decfbc01b3,149131,149131,17850,0,184831,497903,0,0.58
industrial/SAT-Comp-2013-CNF/SC13_submissions/kummling_grosmann--pesp/ctl_4291_567_1_unsat_pre.cnf.gz,03c44a93577c98119dc498053888937a,147244,147244,15232,0,177708,498944,0,0.583
industrial/SAT-Comp-2013-CNF/SC13_submissions/kummling_grosmann--pesp/ctl_4291_567_2_unsat.cnf.gz,b3949eb383da0e5aaa3585d2e9983a48,149132,149132,17850,0,184832,497878,0,0.579
industrial/SAT-Comp-2013-CNF/SC13_submissions/kummling_grosmann--pesp/ctl_4291_567_2_unsat_pre.cnf.gz,d124b589e211c27ed60b19a495c95e94,147245,147245,15232,0,177709,498919,0,0.57
industrial/SAT-Comp-2013-CNF/SC13_submissions/kummling_grosmann--pesp/ctl_4291_567_5_unsat.cnf.gz,77c5b572d4eb78766331a6f27e61ecd7,142693,142693,17850,0,178393,483398,0,0.561
industrial/SAT-Comp-2013-CNF/SC13_submissions/kummling_grosmann--pesp/ctl_4291_567_6_unsat.cnf.gz,c747ec9b3f81730aa9cff350b4ec74b1,142697,142697,17850,0,178397,483431,0,0.558
industrial/SAT-Comp-2013-CNF/SC13_submissions/kummling_grosmann--pesp/ctl_4291_567_6_unsat_pre.cnf.gz,ba5451cace1bb09e2d36b9f34c19146e,134760,134760,15232,0,165224,462355,0,0.534
industrial/SAT-Comp-2013-CNF/SC13_submissions/kummling_grosmann--pesp/ctl_4291_567_7_unsat.cnf.gz,0071b624d91ebe408b0585f8c4e34fd9,154654,154654,17850,0,190354,516111,0,0.595
industrial/SAT-Comp-2013-CNF/SC13_submissions/kummling_grosmann--pesp/ctl_4291_567_7_unsat_pre.cnf.gz,caa35d6c504bb38779d3b2bf7adf75d2,167062,167062,15232,0,197526,573289,0,0.643
industrial/SAT-Comp-2013-CNF/SC13_submissions/kummling_grosmann--pesp/ctl_4291_567_8_unsat_pre.cnf.gz,cd29b40b25690fe2598ef76fddbab2f6,142789,142789,15232,0,173253,487090,0,0.557
industrial/SAT-Comp-2013-CNF/SC13_submissions/kummling_grosmann--pesp/ctl_4291_567_9_unsat.cnf.gz,5952b9f18b73dabb531c60e3ac85d26f,154655,154655,17850,0,190355,516086,0,0.59
industrial/SAT-Comp-2013-CNF/SC13_submissions/kummling_grosmann--pesp/ctl_4291_567_9_unsat_pre.cnf.gz,042846b7b23a617ad1730e9eb2dbdceb,169583,169583,15232,0,200047,583024,0,0.658
industrial/SAT-Comp-2013-CNF/SC13_submissions/soos--grainofsalt/bivium-exptime12800/bivium-39-200-0s0-0x163b785faa4bfb1b3b894a9206768a6c3d5d6f038b3797c4c2-99.cnf.gz,25fb7464ca6edd09189582fedaf5dba6,5428,5428,836,137,7100,22198,0,0.023
industrial/SAT-Comp-2013-CNF/SC13_submissions/soos--grainofsalt/bivium-exptime12800/bivium-39-200-0s0-0x1b770901581bbb2863c83835583d7ce4e1fafd907076320542-34.cnf.gz,b1f69df5a20cab321a8417503d83f599,5432,5432,834,138,7100,22256,0,0.022
industrial/SAT-Comp-2013-CNF/SC13_submissions/soos--grainofsalt/bivium-exptime12800/bivium-39-200-0s0-0x28df9231b320bd56dfb68bfc7c3f0ca20dbae6b0eba535ad91-98.cnf.gz,f24dbbdcac17bcbaeb187c03e11bdf49,5570,5570,838,135,7246,23052,0,0.023
industrial/SAT-Comp-2013-CNF/SC13_submissions/soos--grainofsalt/bivium-exptime12800/bivium-39-200-0s0-0x53e7622aad02b083b53dcd6a4a76f54a150ceb996ea1dfa300-63.cnf.gz,64d576d1e096b44882b0e454f13d4c72,5434,5434,833,138,7100,22230,0,0.022
industrial/SAT-Comp-2013-CNF/SC13_submissions/soos--grainofsalt/bivium-exptime12800/bivium-39-200-0s0-0x5fa955de2b4f64d00226837d226c955de4566ce95f660180d7-30.cnf.gz,3b5f922e28a18ed17be03f0fd3923ce8,5514,5514,840,138,7194,22682,0,0.022
industrial/SAT-Comp-2013-CNF/SC13_submissions/soos--grainofsalt/bivium-exptime12800/bivium-39-200-0s0-0xdcfb6ab71951500b8e460045bd45afee15c87e08b0072eb174-43.cnf.gz,99718c1729a8de3347a9946f1836421d,5505,5505,837,137,7179,22689,0,0.023
industrial/SAT-Comp-2013-CNF/SC13_submissions/soos--grainofsalt/bivium-exptime6400/bivium-40-200-0s0-0x66b619d7b8e447710bf43b794ded6cfaf1e75bb8a947e14c78-50.cnf.gz,f0e964156d4d5ce17ecc9fa95b89c3d4,5469,5469,832,139,7133,22501,0,0.022
industrial/SAT-Comp-2013-CNF/SC13_submissions/soos--grainofsalt/bivium-exptime6400/bivium-40-200-0s0-0x92fc13b11169afbb2ef11a684d9fe9a19e743cd6aa5ce23fb5-19.cnf.gz,4f888358cd62fe7bc602ea6882cdfc6d,5432,5432,832,138,7096,22268,0,0.022
industrial/SAT-Comp-2013-CNF/SC13_submissions/soos--grainofsalt/bivium-exptime6400/bivium-40-200-0s0-0xd447c33176b6b675fd5f8dc3a5deda46569dc34eedf37da020-6.cnf.gz,dde57b1bc17fa4433cff2bfedf9dd522,5450,5450,832,140,7114,22380,0,0.022
industrial/SAT-Comp-2013-CNF/SC13_submissions/soos--grainofsalt/hitag2-exptime1200/hitag2-10-60-0-0x2201a94920a2d2e-8.cnf.gz,443f5a9d601d71ad00f053edcd74190e,29903,29903,2253,7,34409,175627,0,0.143
industrial/SAT-Comp-2013-CNF/SC13_submissions/soos--grainofsalt/hitag2-exptime1200/hitag2-10-60-0-0xa04d664a73eac4d-66.cnf.gz,da9299d4b3facbfb1925a1d686c7c925,29932,29932,2246,9,34424,175936,0,0.143
industrial/SAT-Comp-2013-CNF/SC13_submissions/soos--grainofsalt/hitag2-exptime1200/hitag2-10-60-0-0xa360966c6eb75c4-62.cnf.gz,b7eff8e18bcc8d6a4688491ee81f3eb5,29810,29810,2242,7,34294,175140,0,0.144
industrial/SAT-Comp-2013-CNF/SC13_submissions/soos--grainofsalt/hitag2-exptime1200/hitag2-10-60-0-0xac23f1205f76343-96.cnf.gz,6f442819f6086522c7e58ab49fb522db,29319,29319,2224,6,33767,172003,0,0.14
industrial/SAT-Comp-2013-CNF/SC13_submissions/soos--grainofsalt/hitag2-exptime1200/hitag2-10-60-0-0xb7b72dfef34c17b-39.cnf.gz,f4ba357b793f1de70c8c1e02d9c6b07a,31221,31221,2328,7,35877,184171,0,0.148
industrial/SAT-Comp-2013-CNF/SC13_submissions/soos--grainofsalt/hitag2-exptime1200/hitag2-10-60-0-0xbc15b17d0353413-10.cnf.gz,2761d889f00813bfe3a5f826c49158cf,30992,30992,2311,10,35614,182890,0,0.147
industrial/SAT-Comp-2013-CNF/SC13_submissions/soos--grainofsalt/hitag2-exptime1200/hitag2-10-60-0-0xdf7fa6426edec07-17.cnf.gz,19c3796341c9361f30fc4d03d1914fb6,30662,30662,2298,10,35258,180704,0,0.147
industrial/SAT-Comp-2013-CNF/SC13_submissions/soos--grainofsalt/hitag2-exptime1200/hitag2-10-60-0-0xe6754daf48162bf-46.cnf.gz,f4703d1871cb14d428dc060e6ddc99de,30899,30899,2302,7,35503,182407,0,0.173
industrial/SAT-Comp-2013-CNF/SC13_submissions/soos--grainofsalt/hitag2-exptime1200/hitag2-10-60-0-0xfee9637399d85a2-78.cnf.gz,2d2480ecc9cf28ffab434e5a01283fe4,30268,30268,2276,6,34820,177906,0,0.148
industrial/SAT-Comp-2013-CNF/SC13_submissions/soos--grainofsalt/hitag2-exptime4800/hitag2-8-60-0-0x880693399044612-25-SAT.cnf.gz,9b3ca1389f989ebf68bffd2cd649395b,31013,31013,2311,5,35635,182805,0,0.15
industrial/SAT-Comp-2013-CNF/SC13_submissions/soos--grainofsalt/hitag2-exptime4800/hitag2-8-60-0-0xa3b8497b8aad6d7-42.cnf.gz,73a166409ed9cf18d33c136c86d040e4,30885,30885,2320,8,35525,181851,0,0.147
industrial/SAT-Comp-2013-CNF/SC13_submissions/soos--grainofsalt/hitag2-exptime4800/hitag2-8-60-0-0xdcdbc8bf368ee73-37.cnf.gz,b76b9699c2deb74dd9b4a99a05179acd,30490,30490,2282,13,35054,179554,0,0.147
industrial/SAT-Comp-2013-CNF/SC13_submissions/soos--grainofsalt/hitag2-exptime4800/hitag2-8-60-0-0xfba1a41b5dfd7f7-52.cnf.gz,9733bb1926d6087b1321f539ff1f1ae3,31022,31022,2321,10,35664,182784,0,0.148
industrial/SAT-Comp-2013-CNF/SC13_submissions/soos--grainofsalt/hitag2-exptime9600/hitag2-7-60-0-0x39ff85d4ef127de-52.cnf.gz,c0d028c8343a4231ed0ba6758668b23c,29849,29849,2265,8,34379,174943,0,0.146
industrial/SAT-Comp-2013-CNF/SC13_submissions/soos--grainofsalt/hitag2-exptime9600/hitag2-7-60-0-0x5f8ec0ffa4b15c6-25.cnf.gz,31b52a09a9c60eaf6b46a5778c8bf9ff,30142,30142,2257,16,34656,177592,0,0.144
industrial/SAT-Comp-2013-CNF/SC13_submissions/soos--grainofsalt/hitag2-exptime9600/hitag2-7-60-0-0xc048b9ebae66e9d-32-SAT.cnf.gz,1d6457d39153524c91ddada7eaee8ce7,30362,30362,2296,4,34954,178212,0,0.146
industrial/SAT-Comp-2013-CNF/SC13_submissions/soos--grainofsalt/hitag2-exptime9600/hitag2-7-60-0-0xe8fa35372ed37e2-80.cnf.gz,d9fe50de72fb34ea94518c32d8f3077c,29727,29727,2255,7,34237,174405,0,0.142
industrial/SAT-Comp-2013-CNF/SC13_submissions/soos--grainofsalt/hitag2-exptime9600/hitag2-7-60-0-0xe97b5f1bee04d70-47.cnf.gz,dad81d8f80b415ff7ca9544e5705ce65,30014,30014,2263,6,34540,176226,0,0.142
industrial/SAT-Comp-2014-CNF/001-80-12.cnf.gz,3e5414f4374127ef4dc2316d5497da61,478488,200000,13402,6,226804,1311363,1,2.038
industrial/SAT-Comp-2014-CNF/002-23-96.cnf.gz,6434c2dd6a69515817b2dfbed3f2dec0,132608,132608,4288,0,141184,873663,0,0.693
industrial/SAT-Comp-2014-CNF/003-23-80.cnf.gz,0205e0724a8a912dde9ad7dfba2aee0b,132592,132592,4288,0,141168,873647,0,0.669
industrial/SAT-Comp-2014-CNF/004-22-144.cnf.gz,e52ccbcf1cd35a96037b9b78e5e5ad59,126564,126564,4128,0,134820,833818,0,0.662
industrial/SAT-Comp-2014-CNF/004-22-160.cnf.gz,90a916656e357d4a392d64ceffc0bbf8,126580,126580,4128,0,134836,833834,0,0.644
industrial/SAT-Comp-2014-CNF/005-22-160.cnf.gz,a3a620255e3c580f2533f2c8744653cf,126580,126580,4128,0,134836,833834,0,0.645
industrial/SAT-Comp-2014-CNF/006-22-144.cnf.gz,967da3d0757d0bc5a1ef2f002462d0c8,126564,126564,4128,0,134820,833818,0,0.651
industrial/SAT-Comp-2014-CNF/006-22-160.cnf.gz,2360aab665f3a285d3f1fa7d4863ccea,126580,126580,4128,0,134836,833834,0,0.694
industrial/SAT-Comp-2014-CNF/006-23-80.cnf.gz,d6d5093381d26a2bdab3077a8275b844,132592,132592,4288,0,141168,873647,0,0.697
industrial/SAT-Comp-2014-CNF/006-23-96.cnf.gz,46bc58ad47aaddd182b078bcd2c4f06d,132608,132608,4288,0,141184,873663,0,0.707
industrial/SAT-Comp-2014-CNF/006-80-4.cnf.gz,8c66441500ddc2b3d5ee9586cc666b54,478480,200000,13403,5,226806,1311886,1,2.146
industrial/SAT-Comp-2014-CNF/010-22-160.cnf.gz,31d04143c5e49c0ef7ab8102adb71030,126580,126580,4128,0,134836,833834,0,0.68
industrial/SAT-Comp-2014-CNF/11pipe_q0_k.cnf.gz,eb6409226241256e20ff2f7655f93825,3007883,200000,66926,37318,333852,588909,1,5.534
industrial/SAT-Comp-2014-CNF/15pipe_q0_k.cnf.gz,727cd7c528ac106f134cc882c9202108,10103924,200000,110187,167789,420374,596000,1,17.221
industrial/SAT-Comp-2014-CNF/6s10.cnf.gz,bb0e52bdee5a6d247eb2e6d8f5ae6fd2,99184,99184,33900,3,166984,231428,0,0.342
industrial/SAT-Comp-2014-CNF/6s12.cnf.gz,abd7c7aeca310a2ce7ab471049890dc2,99580,99580,34033,3,167646,232352,0,0.335
industrial/SAT-Comp-2014-CNF/6s123.cnf.gz,75d7d42dedd8bcaba2b6f9826574ac42,2605283,200000,330451,572760,860902,466330,1,4.938
industrial/SAT-Comp-2014-CNF/6s126-opt.cnf.gz,73e41f41b5d4c67e5a7885363aa1a478,1735498,200000,267107,311784,734214,466460,1,3.525
industrial/SAT-Comp-2014-CNF/6s184.cnf.gz,7101289c67f4c4ba117ad06ebb7d18a0,97516,97516,33365,3,164246,227536,0,0.379
industrial/SAT-Comp-2014-CNF/8pipe_k.cnf.gz,3c881c253d7a0cccc58b7cb2e65de414,1332773,200000,32842,2223,265684,590433,1,2.684
industrial/SAT-Comp-2014-CNF/9dlx_vliw_at_b_iq7.cnf.gz,4f3dd09fa2ecd9990c9eee7d8ce50adb,6069108,200000,154218,151877,508436,583530,1,11.207
industrial/SAT-Comp-2014-CNF/9vliw_m_9stages_iq3_C1_bug1.cnf.gz,ce539dd1fd04ac72ade2ba294478b340,13378641,200000,171090,350098,542180,587430,1,23.444
industrial/SAT-Comp-2014-CNF/9vliw_m_9stages_iq3_C1_bug10.cnf.gz,b1c4bf432b8110eca82739bff3337730,13378625,200000,173869,347313,547738,590033,1,23.682
industrial/SAT-Comp-2014-CNF/9vliw_m_9stages_iq3_C1_bug3.cnf.gz,22db60babd4b54fb86dee87ead8e14ca,13376161,200000,176295,344751,552590,589366,1,23.289
industrial/SAT-Comp-2014-CNF/9vliw_m_9stages_iq3_C1_bug4.cnf.gz,d8c78b82f271cfe48636f40c23063fcf,13348117,200000,169069,351652,538138,583576,1,23.499
industrial/SAT-Comp-2014-CNF/9vliw_m_9stages_iq3_C1_bug7.cnf.gz,8e37a69072396fffdeea95d27b5f0da2,13378010,200000,173052,348095,546104,587966,1,23.988
industrial/SAT-Comp-2014-CNF/9vliw_m_9stages_iq3_C1_bug8.cnf.gz,125b1b687d66d1b60ac2356117fef571,13378617,200000,169763,351416,539526,583093,1,23.689
industrial/SAT-Comp-2014-CNF/9vliw_m_9stages_iq3_C1_bug9.cnf.gz,d1994c9b285e42105e2a6bb7398d58df,13378624,200000,169073,352114,538146,582798,1,23.742
industrial/SAT-Comp-2014-CNF/IBM_FV_2004_rule_batch_1_31_1_SAT_dat.k40.debugged.cnf.gz,a552a058e6376a36b1f1b2724f228364,217642,200000,52441,3,304882,502555,1,0.803
industrial/SAT-Comp-2014-CNF/MD5-27-4.cnf.gz,b73eaff48c4b517d1fcb1ff4a9aaebb0,59726,59726,7965,0,75656,232352,0,0.245
industrial/SAT-Comp-2014-CNF/MD5-28-2.cnf.gz,bdcb212398aa054bc4cac4603007f1d2,62554,62554,8281,0,79116,243760,0,0.267
industrial/SAT-Comp-2014-CNF/MD5-28-3.cnf.gz,08acbb7417346eb7dc0c860817be0cc3,62509,62509,8276,0,79061,243607,0,0.252
industrial/SAT-Comp-2014-CNF/MD5-28-4.cnf.gz,5b1a3633b6a6a72773a1445a4d79d2e3,62544,62544,8281,0,79106,243722,0,0.261
industrial/SAT-Comp-2014-CNF/MD5-28-5.cnf.gz,f14372638fc9cccd940df1aacc5aa879,62533,62533,8279,0,79091,243687,0,0.257
industrial/SAT-Comp-2014-CNF/MD5-29-3.cnf.gz,358d7575a7f366870c97b7437c238822,65312,65312,8591,0,82494,254880,0,0.264
industrial/SAT-Comp-2014-CNF/MD5-30-2.cnf.gz,3b422f08a8b9686781fd77875a5dbd76,68085,68085,8901,0,85887,266051,0,0.268
industrial/SAT-Comp-2014-CNF/MD5-30-4.cnf.gz,608795ea911cb72a8eccff36e9deaad0,68106,68106,8905,0,85916,266116,0,0.272
industrial/SAT-Comp-2014-CNF/MD5-31-4.cnf.gz,a2cbb662175ea18f38887b0ff68acf31,70874,70874,9217,0,89308,277248,0,0.281
industrial/SAT-Comp-2014-CNF/MD5-31-5.cnf.gz,900fda046737445397695dd3d4cf3b14,70899,70899,9219,0,89337,277337,0,0.282
industrial/SAT-Comp-2014-CNF/MD5-32-1.cnf.gz,937ec5362b95ce46f73ded8d5dbbd3ad,73634,73634,9528,0,92690,288352,0,0.294
industrial/SAT-Comp-2014-CNF/MD5-32-2.cnf.gz,efa17f27e70e8de7f3f5f8a35b037b99,73623,73623,9524,0,92671,288325,0,0.294
industrial/SAT-Comp-2014-CNF/MD5-32-3.cnf.gz,a1f2ff95d402d9b6ff066cf173034af7,73634,73634,9527,0,92688,288356,0,0.294
industrial/SAT-Comp-2014-CNF/MD5-32-4.cnf.gz,484c4480db0cfadd4d70dfddf3f34f67,73634,73634,9528,0,92690,288352,0,0.29
industrial/SAT-Comp-2014-CNF/MD5-32-5.cnf.gz,de3aeb3e027567f5922246d620724d90,73676,73676,9534,0,92744,288490,0,0.288
industrial/SAT-Comp-2014-CNF/SAT_dat.k100-24_1_rule_2.cnf.gz,b27017cae233481c679e3c3be6f00af8,6356692,200000,360587,1261169,921174,501043,1,12.079
industrial/SAT-Comp-2014-CNF/SAT_dat.k100-24_1_rule_3.cnf.gz,fa90aeace60376ba8e25dc50b7e00ed7,6356692,200000,360586,1261170,921172,501043,1,11.916
industrial/SAT-Comp-2014-CNF/SAT_dat.k30-30_rule.cnf.gz,c9fca1038e970e422584da97def83aca,310323,200000,63201,253,326402,524874,1,0.96
industrial/SAT-Comp-2014-CNF/SAT_dat.k35-31_2_rule_2.cnf.gz,0cca2c91974f5ad8064965cd97bcea74,228571,200000,51387,78,302774,506814,1,0.821
industrial/SAT-Comp-2014-CNF/SAT_dat.k70-24_1_rule_1.cnf.gz,e853278921bf8fc70cd091e97dd5fd82,4433524,200000,334627,797025,869254,502764,1,8.703
industrial/SAT-Comp-2014-CNF/SAT_dat.k75-24_1_rule_3.cnf.gz,fc6ccb2e6cf01cec9357c4f16d52edbc,4754042,200000,339400,873931,878800,501459,1,8.905
industrial/SAT-Comp-2014-CNF/SAT_dat.k80-24_1_rule_2.cnf.gz,f2907371083767cf2ff568a49f376838,5074572,200000,344292,950724,888584,502345,1,9.74
industrial/SAT-Comp-2014-CNF/SAT_dat.k85-24_1_rule_2.cnf.gz,b88e0b3619ec7c2931885182b07dbd63,5395102,200000,348998,1027703,897996,501673,1,10.566
industrial/SAT-Comp-2014-CNF/SAT_dat.k95-24_1_rule_1.cnf.gz,ba54fd9b82fcff622908a2da72b37b45,6036174,200000,357701,1182376,915402,502102,1,11.729
industrial/SAT-Comp-2014-CNF/SAT_dat.k95-24_1_rule_2.cnf.gz,1dbc2bee1b923ba11a0e6cc542b1a090,6036162,200000,357550,1182521,915100,501340,1,11.636
industrial/SAT-Comp-2014-CNF/UCG-15-10p0.cnf.gz,347c985c4bab76b31282fc0912214a82,1005834,200000,164278,35026,528556,476236,1,2.106
industrial/SAT-Comp-2014-CNF/UR-20-10p1.cnf.gz,df83394c29df48df7b325f30b7e4744d,1387934,200000,189766,69468,579532,482718,1,2.753
industrial/SAT-Comp-2014-CNF/UR-20-5p0.cnf.gz,38052005a610a47c08a0aa142a9de7cc,1190619,200000,174776,49793,549552,482393,1,2.515
industrial/SAT-Comp-2014-CNF/aes_24_4_keyfind_4.cnf.gz,e99f016041dfad3ee8c71669f35e28be,5968,5968,520,0,7008,34720,0,0.033
industrial/SAT-Comp-2014-CNF/atco_enc1_opt1_03_56.cnf.gz,e87e93daea1e1fafeaef8cce2c167ded,276198,200000,43622,376,287244,692766,1,0.969
industrial/SAT-Comp-2014-CNF/atco_enc1_opt1_05_21.cnf.gz,54fafa92a0eb46edaebb498cb6390d99,561784,200000,52262,7255,304524,771705,1,1.597
industrial/SAT-Comp-2014-CNF/atco_enc1_opt1_15_240.cnf.gz,055f942145df4b6c9fd0d10a3f1da98e,644099,200000,52780,8862,305560,740518,1,1.669
industrial/SAT-Comp-2014-CNF/atco_enc1_opt1_18_18.cnf.gz,883f7d87256be1601a9f96a1baa4954f,653583,200000,48740,7557,297480,698569,1,1.661
industrial/SAT-Comp-2014-CNF/atco_enc1_opt2_05_4.cnf.gz,95d25f28300e1cf7de7261cc46117e42,386163,200000,14061,575,228122,855620,1,1.304
industrial/SAT-Comp-2014-CNF/atco_enc1_opt2_10_12.cnf.gz,4a78e8278caab52d8a1edef308f1ef56,147853,147853,9495,0,166843,618608,0,0.618
industrial/SAT-Comp-2014-CNF/atco_enc1_opt2_10_15.cnf.gz,0855033e761d91ae367e867c5a569f9e,150623,150623,9590,0,169803,630722,0,0.639
industrial/SAT-Comp-2014-CNF/atco_enc2_opt1_05_21.cnf.gz,f623b8d71e2cab0e8ddc9b33e94d7482,526872,200000,49093,7440,298186,796792,1,1.545
industrial/SAT-Comp-2014-CNF/atco_enc2_opt1_10_21.cnf.gz,4a803244add25e6863bbd7b377099ea5,239768,200000,44735,119,289470,718426,1,0.903
industrial/SAT-Comp-2014-CNF/atco_enc2_opt1_15_100.cnf.gz,f177ffb49b8333845b17314d15d43ec8,580963,200000,49846,8906,299692,766139,1,1.587
industrial/SAT-Comp-2014-CNF/atco_enc2_opt1_20_11.cnf.gz,c446bab9265d91062678c8c6f48ff00d,9776924,200000,245905,215512,691810,735697,1,18.923
industrial/SAT-Comp-2014-CNF/atco_enc2_opt2_05_4.cnf.gz,413fca83a3f192faedac13d5a07f0143,386147,200000,14042,594,228084,855958,1,1.247
industrial/SAT-Comp-2014-CNF/atco_enc3_opt1_03_53.cnf.gz,03bb7baaa45980753a0e7050ae44755d,5156702,200000,353620,942615,907240,499014,1,9.253
industrial/SAT-Comp-2014-CNF/atco_enc3_opt1_04_50.cnf.gz,58e8a0db8e260b498d269103766799ba,6429816,200000,363985,1249175,927970,499477,1,11.283
industrial/SAT-Comp-2014-CNF/atco_enc3_opt2_05_21.cnf.gz,ab96af265f49f7a59a5be136a4c0111d,5933456,200000,360216,1123845,920432,499090,1,10.358
industrial/SAT-Comp-2014-CNF/blocks-blocks-36-0.130-NOTKNOWN.cnf.gz,4c5d4cce5ac439c0540b76bbf3e9b44c,9511460,200000,231929,298446,663858,438946,1,16.211
industrial/SAT-Comp-2014-CNF/bob12m02.cnf.gz,d2bcc67c294857907be3fc614bdfe9c6,78022,78022,26328,0,130678,182050,0,0.262
industrial/SAT-Comp-2014-CNF/bob12s09-opt.cnf.gz,51482a5b06b055edfdca576d654ce191,152338,152338,51108,0,254554,355454,0,0.528
industrial/SAT-Comp-2014-CNF/c10bi_i.cnf.gz,d0bed5ab76bfdad3a120c709766e096b,398467,200000,130159,3839,460318,466788,1,1.072
industrial/SAT-Comp-2014-CNF/complete-300-0.1-18-98765432130018.cnf.gz,21c8393ab167357d0ae8040c61338bc0,27034,27034,600,0,28234,305956,0,0.23
industrial/SAT-Comp-2014-CNF/complete-300-0.1-4-9876543213004.cnf.gz,ad65eff6de4d7da5c4197919936819d5,27224,27224,600,0,28424,310807,0,0.24
industrial/SAT-Comp-2014-CNF/complete-300-0.1-7-9876543213007.cnf.gz,fda6ca467c5e2d2cd3f02fbcde359961,27347,27347,600,0,28547,313905,0,0.228
industrial/SAT-Comp-2014-CNF/complete-300-0.1-8-9876543213008.cnf.gz,7faa62e8464b2ca45d9ca4bfd3ef95a4,26983,26983,600,0,28183,306575,0,0.22
industrial/SAT-Comp-2014-CNF/complete-400-0.1-12-98765432140012.cnf.gz,6d6b5efe28f4fc13c982cd8404245950,47705,47705,800,0,49305,689687,0,0.524
industrial/SAT-Comp-2014-CNF/complete-400-0.1-7-9876543214007.cnf.gz,9af99c2ae810a0c5496210d40c232e02,47365,47365,800,0,48965,680040,0,0.516
industrial/SAT-Comp-2014-CNF/complete-500-0.1-7-9876543215007.cnf.gz,7f8597580b9484377f2acd4896eb4807,74217,74217,1000,0,76217,1303455,0,1.287
industrial/SAT-Comp-2014-CNF/ctl_3791_556_unsat_pre.cnf.gz,eb8a05f11e4720d801e213c3648f8bba,90812,90812,8806,0,108424,331537,0,0.345
industrial/SAT-Comp-2014-CNF/ctl_4291_567_5_unsat_pre.cnf.gz,0a501c751f0483da0e9266753659ed6c,134756,134756,15232,0,165220,462322,0,0.512
industrial/SAT-Comp-2014-CNF/grid-strips-grid-y-3.055-NOTKNOWN.cnf.gz,92bc31a326608a578a7d127347cbc99e,3361895,200000,206410,197690,612820,479332,1,5.943
industrial/SAT-Comp-2014-CNF/grid-strips-grid-y-3.065-SAT.cnf.gz,410ef8be3528b5927044240b4b3aed52,3973035,200000,218138,259322,636276,477782,1,6.867
industrial/SAT-Comp-2014-CNF/gss-23-s100.cnf.gz,e982ac3084d1bbb0938c534900fd3b6d,95400,95400,31711,0,158822,224926,0,0.375
industrial/SAT-Comp-2014-CNF/gss-25-s100.cnf.gz,40a56bb4dd589de1da70855f3dbf8b0a,96111,96111,31931,0,159973,226723,0,0.331
industrial/SAT-Comp-2014-CNF/hitag2-10-60-0-0x0ffdbe60727f161-57.cnf.gz,2709fc2279d361c2b19e36522c239965,29451,29451,2235,8,33921,172763,0,0.144
industrial/SAT-Comp-2014-CNF/manol-pipe-c10nidw.cnf.gz,09991a55c8e3c8ec7966a0105a76d6e1,1291714,200000,253327,180274,706654,466980,1,2.757
industrial/SAT-Comp-2014-CNF/manol-pipe-c8nidw.cnf.gz,3be9d5f90d3838bea4f8e58008653f8a,799867,200000,207870,61178,615740,466775,1,1.826
industrial/SAT-Comp-2014-CNF/manol-pipe-g10bid_i.cnf.gz,907e7dc703e16ad2c7e56a33fe3b3e5f,792175,200000,207282,59123,614564,466542,1,1.775
industrial/SAT-Comp-2014-CNF/maxxor032.cnf.gz,ad2b1829387e1ec0cf33172ceca59cb6,39143,39143,13240,0,65623,91331,0,0.13
industrial/SAT-Comp-2014-CNF/minxor128.cnf.gz,8cf6b81061285343c4f33c51afdb3fbb,160469,160469,54258,0,268985,374425,0,0.528
industrial/SAT-Comp-2014-CNF/pb_300_10_lb_07.cnf.gz,77d04e6c100842652369f337bde0840e,621238,200000,130987,7592,461974,473328,1,1.431
industrial/SAT-Comp-2014-CNF/pb_300_10_lb_08.cnf.gz,bdb95cad1b6d8043a05402d63185bf8d,627685,200000,132001,7914,464002,473696,1,1.446
industrial/SAT-Comp-2014-CNF/q_query_3_L100_coli.sat.cnf.gz,dac5fa253faa91036ce8758ab9c051c5,1522583,200000,187817,127800,575634,579192,1,3.263
industrial/SAT-Comp-2014-CNF/q_query_3_L90_coli.sat.cnf.gz,8803405a35475cc495e0796b667985e4,1350458,200000,180199,102643,560398,578346,1,3.029
industrial/SAT-Comp-2014-CNF/q_query_3_l46_lambda.cnf.gz,fd2e75fe078d33d72ed04eb4cf1042a8,165828,165828,33090,0,232008,478271,0,0.627
industrial/SAT-Comp-2014-CNF/rbcl_xits_08_UNSAT.cnf.gz,049072033960eab882a3b0933d414f36,68055,68055,1278,0,70611,202155,0,0.242
industrial/SAT-Comp-2014-CNF/rbcl_xits_14_SAT.cnf.gz,48e8a2cd93239c4fdc22496ca6e95cfd,148488,148488,2220,0,152928,442317,0,0.52
industrial/SAT-Comp-2014-CNF/reg_s_2_unknown.cnf.gz,27dc3c79959d8054bf0d6f24a6da3795,1695584,200000,207624,27996,615248,654638,1,3.638
industrial/SAT-Comp-2014-CNF/stable-300-0.1-20-98765432130020.cnf.gz,8b31606e10656ff7eb2936262b647443,17540,17540,300,0,18140,282050,0,0.185
industrial/SAT-Comp-2014-CNF/stable-400-0.1-12-98765432140012.cnf.gz,7b40e39148de4d5f8d9384d6937c287e,30864,30864,400,0,31664,639964,0,0.465
industrial/SAT-Comp-2014-CNF/stable-400-0.1-5-9876543214005.cnf.gz,dcdc3d1d35c7ecee04826b8361f0d08b,30584,30584,400,0,31384,629054,0,0.468
industrial/SAT-Comp-2014-CNF/transport-transport-city-sequential-25nodes-1000size-3degree-100mindistance-3trucks-10packages-2008seed.020-NOTKNOWN.cnf.gz,b150919f4cd8c428a968eeb819379fc3,1289940,200000,168341,72949,536682,478866,1,2.567
industrial/SAT-Comp-2014-CNF/transport-transport-city-sequential-25nodes-1000size-3degree-100mindistance-3trucks-10packages-2008seed.030-NOTKNOWN.cnf.gz,a713aef5fdbf32a80e12781c3a3ab075,1934720,200000,205532,156218,611064,476385,1,3.654
industrial/SAT-Comp-2014-CNF/transport-transport-city-sequential-25nodes-1000size-3degree-100mindistance-3trucks-10packages-2008seed.050-NOTKNOWN.cnf.gz,bbe2e708ed3a07f5b9c34ee9e04242b3,3224280,200000,249490,353180,698980,475665,1,5.79
industrial/SAT-Comp-2014-CNF/vmpc_32.renamed-as.sat05-1919.cnf.gz,f94ee0ee7af614054cbdb8ecdf99285f,161664,161664,1024,0,163712,423264,0,0.593
industrial/SAT-Race-2008-CNF/cmu-bmc-longmult13.cnf.gz,c78487f5561b494a5f20ac072978a14e,20487,20487,6565,0,33617,49317,0,0.071
industrial/SAT-Race-2008-CNF/een-pico-prop00-75.cnf.gz,a4668ba4a49a69d63f819f5fc1ca419e,323585,200000,93715,673,387430,512159,1,0.998
industrial/SAT-Race-2008-CNF/een-pico-prop05-75.cnf.gz,5ccf191677e30ff4ffc68e94c062edde,247856,200000,76493,146,352986,509035,1,0.851
industrial/SAT-Race-2008-CNF/een-tip-sat-vis-eisen.cnf.gz,65cbdd1fa0abf1d2e31ba48b5cfbcb16,54970,54970,18607,0,92184,129121,0,0.201
industrial/SAT-Race-2008-CNF/ibm-2002-04r-k80.cnf.gz,0d32d1684e3bf275566925e996ee525b,457628,200000,100932,3518,401864,505144,1,1.222
industrial/SAT-Race-2008-CNF/ibm-2002-11r1-k45.cnf.gz,2a25d48acbf98ae6749cc390821e02a1,638128,200000,139812,16814,479624,503009,1,1.562
industrial/SAT-Race-2008-CNF/ibm-2002-20r-k75.cnf.gz,1be2fc96e9c10ceb11491d884141c581,623655,200000,134681,16521,469362,503204,1,1.628
industrial/SAT-Race-2008-CNF/ibm-2002-22r-k60.cnf.gz,20fa992483c3ec47a3ac7aa9228f2a97,851101,200000,169846,38744,539692,503316,1,2.248
industrial/SAT-Race-2008-CNF/ibm-2002-22r-k75.cnf.gz,9812144bbdf25e6c06e78db75a9bee82,798844,200000,158826,32340,517652,504507,1,1.932
industrial/SAT-Race-2008-CNF/ibm-2002-22r-k80.cnf.gz,bcc463117abdbc5904e042d039f2af5d,852379,200000,166249,37712,532498,503857,1,2.003
industrial/SAT-Race-2008-CNF/ibm-2002-24r3-k100.cnf.gz,0f7bae0c7c3563946e2a132509677b01,550067,200000,134044,13999,468088,500358,1,1.455
industrial/SAT-Race-2008-CNF/ibm-2002-25r-k10.cnf.gz,f001110ef99563f14d7ee8c4a9a6ace4,302117,200000,60756,688,321512,516315,1,0.964
industrial/SAT-Race-2008-CNF/ibm-2002-29r-k75.cnf.gz,9465255db68e03d8658d4cc7296e4b9e,335189,200000,64422,264,328844,527500,1,0.999
industrial/SAT-Race-2008-CNF/ibm-2002-30r-k85.cnf.gz,98d60cd584d39a76022509a769839111,890298,200000,153767,27717,507534,526691,1,2.031
industrial/SAT-Race-2008-CNF/ibm-2002-31_1r3-k30.cnf.gz,e8ff1f9d887fd119423d61de79b92060,194072,194072,43575,0,281222,491760,0,0.69
industrial/SAT-Race-2008-CNF/ibm-2004-01-k90.cnf.gz,47f41d044822c0f60d0aec1e5624b154,276210,200000,64635,64,329270,514651,1,0.878
industrial/SAT-Race-2008-CNF/ibm-2004-1_11-k80.cnf.gz,29cdfa5d3fa13d709b509d8194f5e1da,1045990,200000,198734,64074,597468,501903,1,2.164
industrial/SAT-Race-2008-CNF/ibm-2004-23-k100.cnf.gz,514cb4c8ad423b60828f27bb7f629ec3,861175,200000,171526,36080,543052,506544,1,1.858
industrial/SAT-Race-2008-CNF/ibm-2004-23-k80.cnf.gz,97ff277ab213983c3135c295634f8e7f,686695,200000,147155,18451,494310,507075,1,1.596
industrial/SAT-Race-2008-CNF/ibm-2004-29-k25.cnf.gz,be9a6f49b162977be1c1a2fe0eedf987,78058,78058,17494,0,113046,202072,0,0.271
industrial/SAT-Race-2008-CNF/ibm-2004-29-k55.cnf.gz,9e0fe05c1bbda345cf736809e9a85af1,168958,168958,37714,0,244386,438532,0,0.594
industrial/SAT-Race-2008-CNF/ibm-2004-3_02_3-k95.cnf.gz,93e1221735f357fa38a51ca1c33f599e,272059,200000,73110,415,346220,506491,1,0.853
industrial/SAT-Race-2008-CNF/manol-pipe-c9n_i.cnf.gz,59c43e37355efc9bbe0564dd6c0469b2,104167,104167,35086,0,174339,243055,0,0.353
industrial/SAT-Race-2008-CNF/manol-pipe-g8nidw.cnf.gz,d5eb29f26fd0d0042437c1471ad4ff80,358426,200000,119263,1907,438526,466751,1,1.001
industrial/SAT-Race-2008-CNF/post-cbmc-aes-d-r1.cnf.gz,437a986d6877b73ea1610f3823bea3db,251823,200000,38654,2069,277308,532310,1,0.848
industrial/SAT-Race-2008-CNF/post-cbmc-aes-ele.cnf.gz,739da33aba65ef3ed84d5ae40e88f49b,1601376,200000,174652,102695,549304,540239,1,3.161
industrial/SAT-Race-2008-CNF/velev-fvp-sat-3.0-b18.cnf.gz,fe45559a394dc7c70bac8c56a23dd8fa,1012271,200000,33834,2019,267668,589243,1,2.183
industrial/SAT-Race-2010-CNF/cryptography/desgen/gss-16-s100.cnf.gz,9c81893448acd6d415e7786aa0b8ff36,93904,93904,31248,0,156400,221062,0,0.334
industrial/SAT-Race-2010-CNF/cryptography/desgen/gss-31-s100.cnf.gz,87d08b9b2233029ecb6060bde0e2d192,97279,97279,32310,0,161899,229607,0,0.334
industrial/SAT-Race-2010-CNF/cryptography/md5gen/gus-md5-07.cnf.gz,1f39844e4b9a6fc619e485cdbe2c5b5f,225325,200000,69096,1,338192,518257,1,0.805
industrial/SAT-Race-2010-CNF/cryptography/md5gen/gus-md5-09.cnf.gz,67e4e350f9df597fc344567f4a252d04,226581,200000,69486,1,338972,518446,1,0.817
industrial/SAT-Race-2010-CNF/mixed/bioinf/ndhf_xits_13_UNSAT.cnf.gz,bfa413f21636b12a606b27916336523f,271285,200000,2729,1,205458,596913,1,0.875
industrial/SAT-Race-2010-CNF/mixed/bioinf/q_query_2_L324_coli.cnf.gz,30a3306ed39394c9a9bfe2fcbaec8f74,2745225,200000,242122,375732,684244,575465,1,5.486
industrial/SAT-Race-2010-CNF/mixed/bioinf/q_query_3_l44_lambda.cnf.gz,ef4a50f8f7286c6fdc3d21ead50e4235,157264,157264,31540,0,220344,453246,0,0.601
industrial/SAT-Race-2010-CNF/mixed/bioinf/q_query_3_l45_lambda.cnf.gz,05817b4e1add561af0e1165e01fb48cc,161529,161529,32313,0,226155,465707,0,0.604
industrial/SAT-Race-2010-CNF/mixed/bioinf/q_query_3_l48_lambda.cnf.gz,d04848676a9ff9d15ca46bf7a0c5ca3a,174528,174528,34656,0,243840,503708,0,0.655
industrial/SAT-Race-2010-CNF/mixed/diagnosis/UTI-20-10p0.cnf.gz,df65c3cf992fd1073ab4042661cdf3fb,1374599,200000,190768,68848,581536,481671,1,2.673
industrial/SAT-Race-2010-CNF/software-verification/bitverif/countbitsarray02_32.cnf.gz,f4cfc98950fb8d8e75ad8b3ad88e75f8,12563,12563,4252,0,21067,29311,0,0.041
industrial/SAT-Race-2010-CNF/software-verification/bitverif/countbitsarray32_32.cnf.gz,09ea7a837fa92ee285890f2187fcff0a,213533,200000,72202,0,344404,466644,1,0.716
industrial/SAT-Race-2010-CNF/software-verification/bitverif/countbitsrotate128.cnf.gz,de24a43766cbd9ba5afaa1eb07017d23,415292,200000,136084,2475,472168,466840,1,1.112
industrial/SAT-Race-2010-CNF/software-verification/bitverif/maxxor128.cnf.gz,1aba9cd620303cf69e509ab9cc9a0c03,599015,200000,179810,20630,559620,466700,1,1.433
industrial/SAT-Race-2010-CNF/software-verification/fuhs/AProVE09-20.cnf.gz,ca84d59560f424f43ba7edc8540a0318,108377,108377,33054,0,174485,276669,0,0.399
